<?xml version="1.0" encoding="utf-8"?>
<effects>
    <effect id="1" name="Root">
        <flags CanMove="FALSE" CanRun="FALSE" CanJump="FALSE" CanRotate="TRUE" CanRotateHead="TRUE" CanOperate="TRUE" CanBeCanceled="FALSE" RemovedOnDeath="TRUE" />
        <description>2590</description>
        <icon>art/2D/Effects/Root.png</icon>
    </effect>
    <effect id="2" name="Stun">
        <flags CanMove="FALSE" CanRun="FALSE" CanJump="FALSE" CanRotate="FALSE" CanRotateHead="FALSE" CanOperate="FALSE" CanBeCanceled="FALSE" RemovedOnDeath="TRUE" />
        <description>2591</description>
        <icon>art/2D/Effects/Stun.png</icon>
    </effect>
    <effect id="3" name="Disabled">
        <flags CanMove="TRUE" CanRun="TRUE" CanJump="TRUE" CanRotate="TRUE" CanRotateHead="TRUE" CanOperate="FALSE" CanBeCanceled="FALSE" RemovedOnDeath="TRUE" />
        <description>2592</description>
        <icon>art/2D/Effects/Disabled.png</icon>
    </effect>
    <effect id="4" name="Limited Movement">
        <flags CanMove="TRUE" CanRun="FALSE" CanJump="FALSE" CanRotate="TRUE" CanRotateHead="TRUE" CanOperate="TRUE" CanBeCanceled="FALSE" RemovedOnDeath="TRUE" />
        <description>2593</description>
        <icon>art/2D/Effects/Limited_Movement.png</icon>
    </effect>
    <effect id="5" name="Slowed">
        <flags CanMove="TRUE" CanRun="TRUE" CanJump="TRUE" CanRotate="TRUE" CanRotateHead="TRUE" CanOperate="TRUE" CanBeCanceled="FALSE" RemovedOnDeath="TRUE" />
        <description>2594</description>
        <parameter type="SPEED" applytype="DECREASE" />
        <icon>art/2D/Effects/Slowed.png</icon>
    </effect>
    <effect id="6" name="Accelerated">
        <flags CanMove="TRUE" CanRun="TRUE" CanJump="TRUE" CanRotate="TRUE" CanRotateHead="TRUE" CanOperate="TRUE" CanBeCanceled="TRUE" RemovedOnDeath="TRUE" />
        <description>2595</description>
        <parameter type="SPEED" applytype="INCREASE" />
        <icon>art/2D/Effects/Accelerated.png</icon>
    </effect>
    <effect id="7" name="Clumsiness">
        <flags CanMove="TRUE" CanRun="TRUE" CanJump="TRUE" CanRotate="TRUE" CanRotateHead="TRUE" CanOperate="TRUE" CanBeCanceled="FALSE" RemovedOnDeath="TRUE" />
        <description>2596</description>
        <parameter type="ATTACK_SPEED" applytype="DECREASE" />
        <icon>art/2D/Effects/Clumsiness.png</icon>
    </effect>
    <effect id="8" name="Swiftness">
        <flags CanMove="TRUE" CanRun="TRUE" CanJump="TRUE" CanRotate="TRUE" CanRotateHead="TRUE" CanOperate="TRUE" CanBeCanceled="TRUE" RemovedOnDeath="TRUE" />
        <description>2597</description>
        <parameter type="ATTACK_SPEED" applytype="INCREASE" />
        <icon>art/2D/Effects/Swiftness.png</icon>
    </effect>
    <effect id="9" name="Wounded">
        <flags CanMove="TRUE" CanRun="TRUE" CanJump="TRUE" CanRotate="TRUE" CanRotateHead="TRUE" CanOperate="TRUE" CanBeCanceled="FALSE" RemovedOnDeath="TRUE" />
        <description>2598</description>
        <parameter type="HARD_HP_MAX" applytype="DECREASE" />
        <icon>art/2D/Effects/Wounded.png</icon>
    </effect>
    <effect id="10" name="Bleeding">
        <flags CanMove="TRUE" CanRun="TRUE" CanJump="TRUE" CanRotate="TRUE" CanRotateHead="TRUE" CanOperate="TRUE" CanBeCanceled="FALSE" RemovedOnDeath="TRUE" />
        <description>2599</description>
        <parameter type="SOFT_HP" applytype="CONSUME" />
        <icon>art/2D/Effects/Bleeding.png</icon>
    </effect>
    <effect id="11" name="Crippled">
        <flags CanMove="TRUE" CanRun="TRUE" CanJump="TRUE" CanRotate="TRUE" CanRotateHead="TRUE" CanOperate="TRUE" CanBeCanceled="FALSE" RemovedOnDeath="TRUE" />
        <description>2600</description>
        <parameter type="STR" applytype="DECREASE" />
        <icon>art/2D/Effects/Crippled.png</icon>
    </effect>
    <effect id="12" name="Poisoned">
        <flags CanMove="TRUE" CanRun="TRUE" CanJump="TRUE" CanRotate="TRUE" CanRotateHead="TRUE" CanOperate="TRUE" CanBeCanceled="FALSE" RemovedOnDeath="TRUE" />
        <description>2601</description>
        <parameter type="HARD_HP" applytype="CONSUME" value="0.1"/> <!--value="0.5" ignore_magnitude="1"-->
        <icon>art/2D/Effects/Poisoned.png</icon>
		<censoredIcon>art/2D/Effects/Poisoned_black.png</censoredIcon>
    </effect>
    <effect id="13" name="Poisoned: Numb">
        <flags CanMove="TRUE" CanRun="TRUE" CanJump="TRUE" CanRotate="TRUE" CanRotateHead="TRUE" CanOperate="TRUE" CanBeCanceled="FALSE" RemovedOnDeath="TRUE" />
        <description>2602</description>
        <parameter type="SOFT_HP" applytype="CONSUME" value="0.12"/>
        <icon>art/2D/Effects/Poisoned_Numb.png</icon>
		<censoredIcon>art/2D/Effects/Poisoned_Numb_black.png</censoredIcon>
    </effect>
    <effect id="14" name="Poisoned: Grave Weight">
        <flags CanMove="TRUE" CanRun="TRUE" CanJump="TRUE" CanRotate="TRUE" CanRotateHead="TRUE" CanOperate="TRUE" CanBeCanceled="FALSE" RemovedOnDeath="TRUE" />
        <description>2603</description>
        <parameter type="HARD_STAMINA" applytype="CONSUME" value="0.12"/>
        <icon>art/2D/Effects/Poisoned_Grave_Weight.png</icon>
    </effect>
    <effect id="15" name="Poisoned: Lungs of Stone">
        <flags CanMove="TRUE" CanRun="TRUE" CanJump="TRUE" CanRotate="TRUE" CanRotateHead="TRUE" CanOperate="TRUE" CanBeCanceled="FALSE" RemovedOnDeath="TRUE" />
        <description>2604</description>
        <parameter type="SOFT_STAMINA" applytype="CONSUME" value="0.4"/>
        <icon>art/2D/Effects/Poisoned_Lungs_of_Stone.png</icon>
		<censoredIcon>art/2D/Effects/Poisoned_Lungs_of_Stone_black.png</censoredIcon>
    </effect>
    <effect id="16" name="Poisoned: Eternal Sleep">
        <flags CanMove="TRUE" CanRun="TRUE" CanJump="TRUE" CanRotate="TRUE" CanRotateHead="TRUE" CanOperate="TRUE" CanBeCanceled="FALSE" RemovedOnDeath="TRUE" />
        <description>2605</description>
        <parameter type="SOFT_HP_MAX" applytype="DECREASE" value="3.6"/>
        <icon>art/2D/Effects/Poisoned_Eternal_Sleep.png</icon>
		<censoredIcon>art/2D/Effects/Poisoned_Ethernal_Sleep_black.png</censoredIcon>
    </effect>
    <effect id="17" name="Poisoned: Breathtaker">
        <flags CanMove="TRUE" CanRun="TRUE" CanJump="TRUE" CanRotate="TRUE" CanRotateHead="TRUE" CanOperate="TRUE" CanBeCanceled="FALSE" RemovedOnDeath="TRUE" />
        <description>2606</description>
        <parameter type="SOFT_STAMINA_MAX" applytype="DECREASE" value="5.2"/>
        <icon>art/2D/Effects/Poisoned_Breathtaker.png</icon>
		<censoredIcon>art/2D/Effects/Poisoned_Breathtaker_black.png</censoredIcon>
    </effect>
    <effect id="18" name="Balanced Breath">
        <flags CanMove="TRUE" CanRun="TRUE" CanJump="TRUE" CanRotate="TRUE" CanRotateHead="TRUE" CanOperate="TRUE" CanBeCanceled="FALSE" RemovedOnDeath="TRUE" />
        <description>2607</description>
        <parameter type="SOFT_STAMINA" applytype="INCREASE" />
        <icon>art/2D/Effects/Balanced_Breath.png</icon>
    </effect>
    <effect id="19" name="Stronger">
        <flags CanMove="TRUE" CanRun="TRUE" CanJump="TRUE" CanRotate="TRUE" CanRotateHead="TRUE" CanOperate="TRUE" CanBeCanceled="TRUE" RemovedOnDeath="TRUE" />
        <description>2608</description>
        <parameter type="STR" applytype="INCREASE" />
        <icon>art/2D/Effects/Stronger.png</icon>
    </effect>
    <effect id="20" name="Faster">
        <flags CanMove="TRUE" CanRun="TRUE" CanJump="TRUE" CanRotate="TRUE" CanRotateHead="TRUE" CanOperate="TRUE" CanBeCanceled="TRUE" RemovedOnDeath="TRUE" />
        <description>2609</description>
        <parameter type="AGI" applytype="INCREASE" />
        <icon>art/2D/Effects/Faster.png</icon>
    </effect>
    <effect id="21" name="Harder">
        <flags CanMove="TRUE" CanRun="TRUE" CanJump="TRUE" CanRotate="TRUE" CanRotateHead="TRUE" CanOperate="TRUE" CanBeCanceled="TRUE" RemovedOnDeath="TRUE" />
        <description>2610</description>
        <parameter type="WILL" applytype="INCREASE" />
        <icon>art/2D/Effects/Harder.png</icon>
    </effect>
    <effect id="22" name="Clever">
        <flags CanMove="TRUE" CanRun="TRUE" CanJump="TRUE" CanRotate="TRUE" CanRotateHead="TRUE" CanOperate="TRUE" CanBeCanceled="TRUE" RemovedOnDeath="TRUE" />
        <description>2611</description>
        <parameter type="INT" applytype="INCREASE" />
        <icon>art/2D/Effects/Clever.png</icon>
    </effect>
    <effect id="23" name="Tougher">
        <flags CanMove="TRUE" CanRun="TRUE" CanJump="TRUE" CanRotate="TRUE" CanRotateHead="TRUE" CanOperate="TRUE" CanBeCanceled="TRUE" RemovedOnDeath="TRUE" />
        <description>2612</description>
        <parameter type="CON" applytype="INCREASE" />
        <icon>art/2D/Effects/Tougher.png</icon>
    </effect>
    <effect id="24" name="Poison Resistance">
        <flags CanMove="TRUE" CanRun="TRUE" CanJump="TRUE" CanRotate="TRUE" CanRotateHead="TRUE" CanOperate="TRUE" CanBeCanceled="TRUE" RemovedOnDeath="TRUE" />
        <description>2613</description>
        <parameter type="POISON_IMMUNE" applytype="INCREASE" />
        <icon>art/2D/Effects/Poison_Resistance.png</icon>
		<censoredIcon>art/2D/Effects/Poison_Resistance_black.png</censoredIcon>
    </effect>
    <effect id="25" name="Full">
        <flags CanMove="TRUE" CanRun="TRUE" CanJump="TRUE" CanRotate="TRUE" CanRotateHead="TRUE" CanOperate="TRUE" CanBeCanceled="FALSE" RemovedOnDeath="TRUE" />
        <description>2614</description>
        <parameter type="DRINK_IMMUNE" applytype="INCREASE" />
        <icon>art/2D/Effects/Full.png</icon>
    </effect>
    <effect id="26" name="Skill Raised: Forging">
        <flags CanMove="TRUE" CanRun="TRUE" CanJump="TRUE" CanRotate="TRUE" CanRotateHead="TRUE" CanOperate="TRUE" CanBeCanceled="TRUE" RemovedOnDeath="TRUE" />
        <description>2615</description>
        <parameter type="SKILL" skill="3" applytype="INCREASE" />
        <icon>art/2D/Effects/Skill_Raised_Forging.png</icon>
    </effect>
    <effect id="27" name="Skill Raised: Armorsmithing">
        <flags CanMove="TRUE" CanRun="TRUE" CanJump="TRUE" CanRotate="TRUE" CanRotateHead="TRUE" CanOperate="TRUE" CanBeCanceled="TRUE" RemovedOnDeath="TRUE" />
        <description>2616</description>
        <parameter type="SKILL" skill="5" applytype="INCREASE" />
        <icon>art/2D/Effects/Skill_Raised_Armorsmithing.png</icon>
    </effect>
    <effect id="28" name="Skill Raised: Carpentry">
        <flags CanMove="TRUE" CanRun="TRUE" CanJump="TRUE" CanRotate="TRUE" CanRotateHead="TRUE" CanOperate="TRUE" CanBeCanceled="TRUE" RemovedOnDeath="TRUE" />
        <description>2617</description>
        <parameter type="SKILL" skill="8" applytype="INCREASE" />
        <icon>art/2D/Effects/Skill_Raised_Carpentry.png</icon>
    </effect>
    <effect id="29" name="Skill Raised: Bowcraft">
        <flags CanMove="TRUE" CanRun="TRUE" CanJump="TRUE" CanRotate="TRUE" CanRotateHead="TRUE" CanOperate="TRUE" CanBeCanceled="TRUE" RemovedOnDeath="TRUE" />
        <description>2618</description>
        <parameter type="SKILL" skill="9" applytype="INCREASE" />
        <icon>art/2D/Effects/Skill_Raised_Bowcraft.png</icon>
    </effect>
    <effect id="30" name="Skill Raised: Warfare engineering">
        <flags CanMove="TRUE" CanRun="TRUE" CanJump="TRUE" CanRotate="TRUE" CanRotateHead="TRUE" CanOperate="TRUE" CanBeCanceled="TRUE" RemovedOnDeath="TRUE" />
        <description>2619</description>
        <parameter type="SKILL" skill="10" applytype="INCREASE" />
        <icon>art/2D/Effects/Skill_Raised_Warfare_engineering.png</icon>
    </effect>
    <effect id="31" name="Skill Raised: Herbalism">
        <flags CanMove="TRUE" CanRun="TRUE" CanJump="TRUE" CanRotate="TRUE" CanRotateHead="TRUE" CanOperate="TRUE" CanBeCanceled="TRUE" RemovedOnDeath="TRUE" />
        <description>2620</description>
        <parameter type="SKILL" skill="12" applytype="INCREASE" />
        <icon>art/2D/Effects/Skill_Raised_Herbalism.png</icon>
    </effect>
    <effect id="32" name="Skill Raised: Healing">
        <flags CanMove="TRUE" CanRun="TRUE" CanJump="TRUE" CanRotate="TRUE" CanRotateHead="TRUE" CanOperate="TRUE" CanBeCanceled="TRUE" RemovedOnDeath="TRUE" />
        <description>2621</description>
        <parameter type="SKILL" skill="14" applytype="INCREASE" />
        <icon>art/2D/Effects/Skill_Raised_Healing.png</icon>
    </effect>
    <effect id="33" name="Skill Raised: Alchemy">
        <flags CanMove="TRUE" CanRun="TRUE" CanJump="TRUE" CanRotate="TRUE" CanRotateHead="TRUE" CanOperate="TRUE" CanBeCanceled="TRUE" RemovedOnDeath="TRUE" />
        <description>2622</description>
        <parameter type="SKILL" skill="15" applytype="INCREASE" />
        <icon>art/2D/Effects/Skill_Raised_Alchemy.png</icon>
    </effect>
    <effect id="34" name="Skill Raised: Architecture">
        <flags CanMove="TRUE" CanRun="TRUE" CanJump="TRUE" CanRotate="TRUE" CanRotateHead="TRUE" CanOperate="TRUE" CanBeCanceled="TRUE" RemovedOnDeath="TRUE" />
        <description>2623</description>
        <parameter type="SKILL" skill="20" applytype="INCREASE" />
        <icon>art/2D/Effects/Skill_Raised_Architecture.png</icon>
    </effect>
    <effect id="35" name="Skill Raised: Procuration">
        <flags CanMove="TRUE" CanRun="TRUE" CanJump="TRUE" CanRotate="TRUE" CanRotateHead="TRUE" CanOperate="TRUE" CanBeCanceled="TRUE" RemovedOnDeath="TRUE" />
        <description>2624</description>
        <parameter type="SKILL" skill="23" applytype="INCREASE" />
        <icon>art/2D/Effects/Skill_Raised_Procuration.png</icon>
    </effect>
    <effect id="36" name="Skill Raised: Cooking">
        <flags CanMove="TRUE" CanRun="TRUE" CanJump="TRUE" CanRotate="TRUE" CanRotateHead="TRUE" CanOperate="TRUE" CanBeCanceled="TRUE" RemovedOnDeath="TRUE" />
        <description>2625</description>
        <parameter type="SKILL" skill="24" applytype="INCREASE" />
        <icon>art/2D/Effects/Skill_Raised_Cooking.png</icon>
    </effect>
    <effect id="37" name="Skill Raised: Piety">
        <flags CanMove="TRUE" CanRun="TRUE" CanJump="TRUE" CanRotate="TRUE" CanRotateHead="TRUE" CanOperate="TRUE" CanBeCanceled="TRUE" RemovedOnDeath="TRUE" />
        <description>2626</description>
        <parameter type="SKILL" skill="54" applytype="INCREASE" />
        <icon>art/2D/Effects/Skill_Raised_Piety.png</icon>
    </effect>
    <effect id="38" name="Fear">
        <flags CanMove="TRUE" CanRun="TRUE" CanJump="TRUE" CanRotate="TRUE" CanRotateHead="TRUE" CanOperate="TRUE" CanBeCanceled="FALSE" RemovedOnDeath="TRUE" />
        <description>2627</description>
        <parameter type="FEAR" applytype="INCREASE" />
        <icon>art/2D/Effects/Fear.png</icon>
    </effect>
    <effect id="39" name="Power Strike!">
        <flags CanMove="TRUE" CanRun="TRUE" CanJump="TRUE" CanRotate="TRUE" CanRotateHead="TRUE" CanOperate="TRUE" CanBeCanceled="FALSE" RemovedOnDeath="TRUE" />
        <description>2628</description>
        <parameter type="DAMAGE" applytype="INCREASE" />
        <icon>art/2D/Effects/Power_Strike.png</icon>
    </effect>
    <effect id="40" name="Defense!">
        <flags CanMove="TRUE" CanRun="TRUE" CanJump="TRUE" CanRotate="TRUE" CanRotateHead="TRUE" CanOperate="TRUE" CanBeCanceled="FALSE" RemovedOnDeath="TRUE" />
        <description>2629</description>
        <parameter type="DEFENCE" applytype="INCREASE" />
        <icon>art/2D/Effects/Defense.png</icon>
    </effect>
    <effect id="41" name="Resting">
        <flags CanMove="TRUE" CanRun="TRUE" CanJump="TRUE" CanRotate="TRUE" CanRotateHead="TRUE" CanOperate="TRUE" CanBeCanceled="FALSE" RemovedOnDeath="TRUE" />
        <description>2630</description>
        <parameter type="RESTING" applytype="INCREASE" />
        <icon>art/2D/Effects/Resting.png</icon>
    </effect>
    <effect id="42" name="Bed Rest (Wounds)">
        <flags CanMove="TRUE" CanRun="TRUE" CanJump="TRUE" CanRotate="TRUE" CanRotateHead="TRUE" CanOperate="TRUE" CanBeCanceled="FALSE" RemovedOnDeath="TRUE" />
        <description>2631</description>
        <icon>art/2D/Effects/Bed_Rest_Wounds.png</icon>
    </effect>
    <effect id="43" name="Bed Rest (Fracture) ">
        <flags CanMove="TRUE" CanRun="TRUE" CanJump="TRUE" CanRotate="TRUE" CanRotateHead="TRUE" CanOperate="TRUE" CanBeCanceled="FALSE" RemovedOnDeath="TRUE" />
        <description>2632</description>
        <icon>art/2D/Effects/Bed_Rest_Fracture.png</icon>
    </effect>
    <effect id="44" name="Bed Rest (Surgery)">
        <flags CanMove="TRUE" CanRun="TRUE" CanJump="TRUE" CanRotate="TRUE" CanRotateHead="TRUE" CanOperate="TRUE" CanBeCanceled="FALSE" RemovedOnDeath="TRUE" />
        <description>2633</description>
        <icon>art/2D/Effects/Bed_Rest_Surgery.png</icon>
    </effect>
    <effect id="45" name="Invulnerable">
        <flags CanMove="TRUE" CanRun="TRUE" CanJump="TRUE" CanRotate="TRUE" CanRotateHead="TRUE" CanOperate="TRUE" CanBeCanceled="FALSE" RemovedOnDeath="TRUE" />
        <description>2634</description>
        <icon>art/2D/Effects/Invulnerable.png</icon>
    </effect>
    <effect id="46" name="Criminal">
        <flags CanMove="TRUE" CanRun="TRUE" CanJump="TRUE" CanRotate="TRUE" CanRotateHead="TRUE" CanOperate="TRUE" CanBeCanceled="FALSE" RemovedOnDeath="TRUE" />
        <description>2635</description>
        <icon>art/2D/Effects/Criminal.png</icon>
    </effect>
    <effect id="47" name="Resurrected">
        <flags CanMove="TRUE" CanRun="TRUE" CanJump="TRUE" CanRotate="TRUE" CanRotateHead="TRUE" CanOperate="TRUE" CanBeCanceled="FALSE" RemovedOnDeath="FALSE" />
        <description>2636</description>
        <parameter type="SICK" applytype="INCREASE" />
        <parameter type="HARD_HP_MAX" applytype="DECREASE_COEFF" value="0.1" />
        <parameter type="SOFT_HP_MAX" applytype="DECREASE_COEFF" value="0.1" />
        <parameter type="HARD_HP_REGEN_SPEED" applytype="MULTIPLY" value="0.2" ignore_magnitude="1" />
        <parameter type="SOFT_HP_REGEN_SPEED" applytype="MULTIPLY" value="0.2" ignore_magnitude="1" />
        <parameter type="HARD_STAMINA_REGEN_SPEED" applytype="MULTIPLY" value="0.2" ignore_magnitude="1" />
        <parameter type="SOFT_STAMINA_REGEN_SPEED" applytype="MULTIPLY" value="0.2" ignore_magnitude="1" />
        <parameter type="SPEED" applytype="MULTIPLY" value="0.7" ignore_magnitude="1" />
        <parameter type="ATTACK_SPEED" applytype="MULTIPLY" value="0.5" ignore_magnitude="1" />
        <icon>art/2D/Effects/Resurrection.png</icon>
    </effect>
    <effect id="48" name="Restore Hard Stamina">
        <flags CanMove="TRUE" CanRun="TRUE" CanJump="TRUE" CanRotate="TRUE" CanRotateHead="TRUE" CanOperate="TRUE" CanBeCanceled="FALSE" RemovedOnDeath="TRUE" />
        <description>2637</description>
        <parameter type="HARD_STAMINA" applytype="REGENERATE" />
        <icon>art/2D/Effects/Restore_Hard_Stamina.png</icon>
    </effect>
    <effect id="49" name="Raise Maximum Soft Stamina">
        <flags CanMove="TRUE" CanRun="TRUE" CanJump="TRUE" CanRotate="TRUE" CanRotateHead="TRUE" CanOperate="TRUE" CanBeCanceled="FALSE" RemovedOnDeath="TRUE" />
        <description>2638</description>
        <parameter type="SOFT_STAMINA" applytype="INCREASE" />
        <icon>art/2D/Effects/Raise_Maximum_Soft_Stamina.png</icon>
    </effect>
    <effect id="50" name="Reviving">
        <flags CanMove="TRUE" CanRun="TRUE" CanJump="TRUE" CanRotate="TRUE" CanRotateHead="TRUE" CanOperate="TRUE" CanBeCanceled="FALSE" RemovedOnDeath="TRUE" />
        <description>2639</description>
        <parameter type="SOFT_HP" applytype="REGENERATE" />
        <icon>art/2D/Effects/Reviving.png</icon>
    </effect>
    <effect id="51" name="Bed Rest">
        <flags CanMove="TRUE" CanRun="TRUE" CanJump="TRUE" CanRotate="TRUE" CanRotateHead="TRUE" CanOperate="TRUE" CanBeCanceled="FALSE" RemovedOnDeath="TRUE" />
        <description>2640</description>
        <icon>art/2D/Effects/Bed_Rest.png</icon>
    </effect>
    <effect id="52" name="Luck">
        <flags CanMove="TRUE" CanRun="TRUE" CanJump="TRUE" CanRotate="TRUE" CanRotateHead="TRUE" CanOperate="TRUE" CanBeCanceled="TRUE" RemovedOnDeath="TRUE" />
        <description>2641</description>
        <parameter type="LUCK" applytype="INCREASE" />
        <icon>art/2D/Effects/Luck.png</icon>
    </effect>
    <effect id="53" name="Poison Duration">
        <flags CanMove="TRUE" CanRun="TRUE" CanJump="TRUE" CanRotate="TRUE" CanRotateHead="TRUE" CanOperate="TRUE" CanBeCanceled="TRUE" RemovedOnDeath="TRUE" />
        <description>2642</description>
        <icon>art/2D/Effects/Poison_Duration.png</icon>
		<censoredIcon>art/2D/Effects/Poison_Duration_black.png</censoredIcon>
    </effect>
    <effect id="54" name="Stopping Power!">
        <flags CanMove="TRUE" CanRun="TRUE" CanJump="TRUE" CanRotate="TRUE" CanRotateHead="TRUE" CanOperate="TRUE" CanBeCanceled="TRUE" RemovedOnDeath="TRUE" />
        <description>2643</description>
        <icon>art/2D/Effects/Stopping_Power.png</icon>
    </effect>
    <effect id="55" name="Piercing Bolt!">
        <flags CanMove="TRUE" CanRun="TRUE" CanJump="TRUE" CanRotate="TRUE" CanRotateHead="TRUE" CanOperate="TRUE" CanBeCanceled="TRUE" RemovedOnDeath="TRUE" />
        <description>2644</description>
        <icon>art/2D/Effects/Piercing_Bolt.png</icon>
    </effect>
    <effect id="56" name="Arrow to the Knee!">
        <flags CanMove="TRUE" CanRun="TRUE" CanJump="TRUE" CanRotate="TRUE" CanRotateHead="TRUE" CanOperate="TRUE" CanBeCanceled="TRUE" RemovedOnDeath="TRUE" />
        <description>2645</description>
        <icon>art/2D/Effects/Arrow_to_the_Knee.png</icon>
    </effect>
    <effect id="57" name="Volley">
        <flags CanMove="FALSE" CanRun="FALSE" CanJump="FALSE" CanRotate="FALSE" CanRotateHead="TRUE" CanOperate="FALSE" CanBeCanceled="TRUE" RemovedOnDeath="TRUE" />
        <description>2646</description>
        <icon>art/2D/Effects/Volley.png</icon>
    </effect>
    <effect id="58" name="Vulnerable">
        <flags CanMove="TRUE" CanRun="TRUE" CanJump="TRUE" CanRotate="TRUE" CanRotateHead="TRUE" CanOperate="TRUE" CanBeCanceled="TRUE" RemovedOnDeath="TRUE" />
        <description>2647</description>
        <parameter type="DEFENCE" applytype="DECREASE" />
        <icon>art/2D/Effects/Vulnerable.png</icon>
    </effect>
    <effect id="59" name="Unstoppable">
        <flags CanMove="TRUE" CanRun="TRUE" CanJump="TRUE" CanRotate="TRUE" CanRotateHead="TRUE" CanOperate="TRUE" CanBeCanceled="FALSE" RemovedOnDeath="TRUE" />
        <description>2648</description>
        <icon>art/2D/Effects/Unstoppable.png</icon>
    </effect>
    <effect id="60" name="God's Mercy">
        <flags CanMove="TRUE" CanRun="TRUE" CanJump="TRUE" CanRotate="TRUE" CanRotateHead="TRUE" CanOperate="TRUE" CanBeCanceled="FALSE" RemovedOnDeath="FALSE" />
        <description>2649</description>
        <icon>art/2D/Effects/Gods_Mercy.png</icon>
		<censoredIcon>art/2D/Effects/Gods_Mercy_black.png</censoredIcon>
    </effect>
    <effect id="61" name="Iron Grip">
        <flags CanMove="TRUE" CanRun="TRUE" CanJump="TRUE" CanRotate="TRUE" CanRotateHead="TRUE" CanOperate="TRUE" CanBeCanceled="FALSE" RemovedOnDeath="TRUE" />
        <description>2650</description>
        <icon>art/2D/Effects/Iron_Grip.png</icon>
    </effect>
    <effect id="62" name="Arrow Stand">
        <flags CanMove="FALSE" CanRun="FALSE" CanJump="FALSE" CanRotate="TRUE" CanRotateHead="TRUE" CanOperate="TRUE" CanBeCanceled="TRUE" RemovedOnDeath="TRUE" />
        <description>2651</description>
        <parameter type="RANGED_ATTACK_SPEED" applytype="MULTIPLY" value="1.2" ignore_magnitude="1" />
        <icon>art/2D/Effects/Arrow_Stand.png</icon>
    </effect>
    <effect id="63" name="Concentration">
        <flags CanMove="FALSE" CanRun="FALSE" CanJump="FALSE" CanRotate="FALSE" CanRotateHead="FALSE" CanOperate="FALSE" CanBeCanceled="FALSE" RemovedOnDeath="TRUE" />
        <description>2652</description>
        <icon>art/2D/Effects/Craft.png</icon>
    </effect>
    <effect id="64" name="Shackled Feet">
        <flags CanMove="FALSE" CanRun="FALSE" CanJump="FALSE" CanRotate="FALSE" CanRotateHead="TRUE" CanOperate="FALSE" CanBeCanceled="FALSE" RemovedOnDeath="TRUE" />
        <description>2653</description>
        <icon>art/2D/Effects/Root.png</icon>
    </effect>
    <effect id="65" name="Antidote">
        <flags CanMove="TRUE" CanRun="TRUE" CanJump="TRUE" CanRotate="TRUE" CanRotateHead="TRUE" CanOperate="TRUE" CanBeCanceled="TRUE" RemovedOnDeath="TRUE" />
        <description>2654</description>
        <parameter type="POISON_IMMUNE" applytype="INCREASE" />
        <icon>art/2D/Effects/Antidote.png</icon>
		<censoredIcon>art/2D/Effects/Antidote_black.png</censoredIcon>
    </effect>
    <effect id="66" name="Barefooted">
        <flags CanMove="TRUE" CanRun="TRUE" CanJump="TRUE" CanRotate="TRUE" CanRotateHead="TRUE" CanOperate="TRUE" CanBeCanceled="FALSE" RemovedOnDeath="TRUE" />
        <description>2655</description>
        <parameter type="BAREFOOTED_SPEED" applytype="DECREASE" />
        <icon>art/2D/Effects/Barefooted.png</icon>
    </effect>
    <effect id="67" name="Polearms Mastery">
        <flags CanMove="TRUE" CanRun="TRUE" CanJump="TRUE" CanRotate="TRUE" CanRotateHead="TRUE" CanOperate="TRUE" CanBeCanceled="FALSE" RemovedOnDeath="TRUE" />
        <description>2656</description>
        <icon>art/2D/Effects/Polearms_Mastery.png</icon>
    </effect>
    <effect id="68" name="Impact Mitigation">
        <flags CanMove="TRUE" CanRun="TRUE" CanJump="TRUE" CanRotate="TRUE" CanRotateHead="TRUE" CanOperate="TRUE" CanBeCanceled="FALSE" RemovedOnDeath="TRUE" />
        <description>2657</description>
        <icon>art/2D/Effects/Impact_Mitigation.png</icon>
    </effect>
    <effect id="69" name="Ranged Weapons Mastery">
        <flags CanMove="TRUE" CanRun="TRUE" CanJump="TRUE" CanRotate="TRUE" CanRotateHead="TRUE" CanOperate="TRUE" CanBeCanceled="FALSE" RemovedOnDeath="TRUE" />
        <description>2658</description>
        <icon>art/2D/Effects/Ranged_Weapons_Mastery.png</icon>
    </effect>
    <effect id="70" name="Faster Reload">
        <flags CanMove="TRUE" CanRun="TRUE" CanJump="TRUE" CanRotate="TRUE" CanRotateHead="TRUE" CanOperate="TRUE" CanBeCanceled="FALSE" RemovedOnDeath="TRUE" />
        <description>2659</description>
        <icon>art/2D/Effects/Faster_Reload.png</icon>
    </effect>
    <effect id="71" name="Cavalry Weapons Mastery">
        <flags CanMove="TRUE" CanRun="TRUE" CanJump="TRUE" CanRotate="TRUE" CanRotateHead="TRUE" CanOperate="TRUE" CanBeCanceled="FALSE" RemovedOnDeath="TRUE" />
        <description>2660</description>
        <icon>art/2D/Effects/Cavalry_Weapons_Mastery.png</icon>
    </effect>
    <effect id="72" name="Spurs">
        <flags CanMove="TRUE" CanRun="TRUE" CanJump="TRUE" CanRotate="TRUE" CanRotateHead="TRUE" CanOperate="TRUE" CanBeCanceled="FALSE" RemovedOnDeath="TRUE" />
        <description>2661</description>
        <icon>art/2D/Effects/Spurs.png</icon>
    </effect>
    <effect id="73" name="Infantry Weapons Mastery">
        <flags CanMove="TRUE" CanRun="TRUE" CanJump="TRUE" CanRotate="TRUE" CanRotateHead="TRUE" CanOperate="TRUE" CanBeCanceled="FALSE" RemovedOnDeath="TRUE" />
        <description>2662</description>
        <icon>art/2D/Effects/Infantry_Weapons_Mastery.png</icon>
    </effect>
    <effect id="74" name="Shields Mastery">
        <flags CanMove="TRUE" CanRun="TRUE" CanJump="TRUE" CanRotate="TRUE" CanRotateHead="TRUE" CanOperate="TRUE" CanBeCanceled="FALSE" RemovedOnDeath="TRUE" />
        <description>2663</description>
        <icon>art/2D/Effects/Shields_Mastery.png</icon>
    </effect>
    <effect id="75" name="Heavy Weapons Mastery">
        <flags CanMove="TRUE" CanRun="TRUE" CanJump="TRUE" CanRotate="TRUE" CanRotateHead="TRUE" CanOperate="TRUE" CanBeCanceled="FALSE" RemovedOnDeath="TRUE" />
        <description>2664</description>
        <icon>art/2D/Effects/Heavy_Weapons_Mastery.png</icon>
    </effect>
    <effect id="76" name="Tightly Fitted Armor">
        <flags CanMove="TRUE" CanRun="TRUE" CanJump="TRUE" CanRotate="TRUE" CanRotateHead="TRUE" CanOperate="TRUE" CanBeCanceled="FALSE" RemovedOnDeath="TRUE" />
        <description>2665</description>
        <icon>art/2D/Effects/Tightly_Fitted_Armor.png</icon>
		<censoredIcon>art/2D/Effects/Tightly_Fitted_Armor_black.png</censoredIcon>
    </effect>
    <effect id="77" name="Momentum">
        <flags CanMove="TRUE" CanRun="TRUE" CanJump="TRUE" CanRotate="TRUE" CanRotateHead="TRUE" CanOperate="TRUE" CanBeCanceled="FALSE" RemovedOnDeath="TRUE" />
        <description>2845</description>
        <icon>art/2D/Effects/Momentum.png</icon>
    </effect>
    <effect id="78" name="Penetration">
        <flags CanMove="TRUE" CanRun="TRUE" CanJump="TRUE" CanRotate="TRUE" CanRotateHead="TRUE" CanOperate="TRUE" CanBeCanceled="FALSE" RemovedOnDeath="TRUE" />
        <description>2846</description>
        <icon>art/2D/Effects/Penetration.png</icon>
    </effect>
    <effect id="79" name="Shaky Hands">
        <flags CanMove="TRUE" CanRun="TRUE" CanJump="TRUE" CanRotate="TRUE" CanRotateHead="TRUE" CanOperate="TRUE" CanBeCanceled="FALSE" RemovedOnDeath="TRUE" />
        <description>2847</description>
        <icon>art/2D/Effects/Shaky_Hands.png</icon>
    </effect>
    <effect id="80" name="Hurried Breath">
        <flags CanMove="TRUE" CanRun="TRUE" CanJump="TRUE" CanRotate="TRUE" CanRotateHead="TRUE" CanOperate="TRUE" CanBeCanceled="FALSE" RemovedOnDeath="TRUE" />
        <description>2848</description>
        <icon>art/2D/Effects/Hurried_Breath.png</icon>
    </effect>
    <effect id="81" name="Move, Move!">
        <flags CanMove="TRUE" CanRun="TRUE" CanJump="TRUE" CanRotate="TRUE" CanRotateHead="TRUE" CanOperate="TRUE" CanBeCanceled="FALSE" RemovedOnDeath="TRUE" />
        <description>2849</description>
        <icon>art/2D/Effects/Move_Move.png</icon>
    </effect>
    <effect id="82" name="Power Hour (Combat)">
        <flags CanMove="TRUE" CanRun="TRUE" CanJump="TRUE" CanRotate="TRUE" CanRotateHead="TRUE" CanOperate="TRUE" CanBeCanceled="FALSE" RemovedOnDeath="FALSE" />
        <description>3012</description>
        <parameter type="SKILL_GROW_BONUS_MULT" value="0.5" filter="COMBAT" applytype="INCREASE_COEFF" />
        <icon>art/2D/Effects/Power_Hour_Combat.png</icon>
    </effect>
    <effect id="83" name="Power Hour (Crafting)">
        <flags CanMove="TRUE" CanRun="TRUE" CanJump="TRUE" CanRotate="TRUE" CanRotateHead="TRUE" CanOperate="TRUE" CanBeCanceled="FALSE" RemovedOnDeath="FALSE"  />
        <description>3013</description>
        <parameter type="SKILL_GROW_BONUS_MULT" value="0.5" filter="CRAFT" applytype="INCREASE_COEFF" />
        <icon>art/2D/Effects/Power_Hour_Crafting.png</icon>
    </effect>
    <effect id="84" name="Skills Drop Insurance">
        <flags CanMove="TRUE" CanRun="TRUE" CanJump="TRUE" CanRotate="TRUE" CanRotateHead="TRUE" CanOperate="TRUE" CanBeCanceled="FALSE" RemovedOnDeath="FALSE" RealTime="TRUE"  />
        <description>3014</description>
        <icon>art/2D/Effects/Skills_Drop_Insurance.png</icon>
    </effect>
    <effect id="85" name="Power Hour Cooldown (Combat)">
        <flags CanMove="TRUE" CanRun="TRUE" CanJump="TRUE" CanRotate="TRUE" CanRotateHead="TRUE" CanOperate="TRUE" CanBeCanceled="FALSE" RemovedOnDeath="FALSE" RealTime="TRUE"  />
        <description>3015</description>
        <icon>art/2D/Effects/Power_Hour_Cooldown_Combat.png</icon>
    </effect>
    <effect id="86" name="Power Hour Cooldown (Crafting)">
        <flags CanMove="TRUE" CanRun="TRUE" CanJump="TRUE" CanRotate="TRUE" CanRotateHead="TRUE" CanOperate="TRUE" CanBeCanceled="FALSE" RemovedOnDeath="FALSE" RealTime="TRUE"  />
        <description>3016</description>
        <icon>art/2D/Effects/Power_Hour_Cooldown_Crafting.png</icon>
    </effect>
    <effect id="87" name="Muscle Memory">
        <flags CanMove="TRUE" CanRun="TRUE" CanJump="TRUE" CanRotate="TRUE" CanRotateHead="TRUE" CanOperate="TRUE" CanBeCanceled="FALSE" RemovedOnDeath="TRUE" />
        <description>3017</description>
        <icon>art/2D/skills/abilities/Muscle_Memory.png</icon>
    </effect>
    <effect id="88" name="Inspired Work">
        <flags CanMove="TRUE" CanRun="TRUE" CanJump="TRUE" CanRotate="TRUE" CanRotateHead="TRUE" CanOperate="TRUE" CanBeCanceled="FALSE" RemovedOnDeath="TRUE" />
        <description>4506</description>
        <parameter type="CAST_DURATION" applytype="DECREASE" value="0.8" ignore_magnitude="1" />
        <icon>art/2D/Effects/Inspired_Work.png</icon>
    </effect>
    <effect id="89" name="Luck: Inspired Work">
        <flags CanMove="TRUE" CanRun="TRUE" CanJump="TRUE" CanRotate="TRUE" CanRotateHead="TRUE" CanOperate="TRUE" CanBeCanceled="TRUE" RemovedOnDeath="TRUE" />
        <description>2641</description>
        <parameter type="LUCK" applytype="INCREASE" />
        <icon>art/2D/Effects/Luck.png</icon>
    </effect>
    <effect id="90" name="Luck: God's Love">
        <flags CanMove="TRUE" CanRun="TRUE" CanJump="TRUE" CanRotate="TRUE" CanRotateHead="TRUE" CanOperate="TRUE" CanBeCanceled="TRUE" RemovedOnDeath="TRUE" />
        <description>2641</description>
        <parameter type="LUCK" applytype="INCREASE" />
        <icon>art/2D/Effects/Luck.png</icon>
    </effect>
    <effect id="92" name="Excommunicate">
        <flags CanMove="TRUE" CanRun="TRUE" CanJump="TRUE" CanRotate="TRUE" CanRotateHead="TRUE" CanOperate="TRUE" CanBeCanceled="FALSE" RemovedOnDeath="FALSE" />
        <description>4865</description>
        <icon>art/2D/Effects/Criminal.png</icon>
    </effect>
    <effect id="91" name="Enslaved">
        <flags CanMove="TRUE" CanRun="TRUE" CanJump="TRUE" CanRotate="TRUE" CanRotateHead="TRUE" CanOperate="TRUE" CanBeCanceled="TRUE" RemovedOnDeath="FALSE" />
        <description>4734</description>
        <parameter type="TITLE" applytype="BIND_TO_EFFECT_LIFETIME" value="4734" />
        <icon>art/2D/Effects/Slave.png</icon>
    </effect>
    <effect id="93" name="Fatal Damage Cooldown">
        <flags CanMove="TRUE" CanRun="TRUE" CanJump="TRUE" CanRotate="TRUE" CanRotateHead="TRUE" CanOperate="TRUE" CanBeCanceled="TRUE" RemovedOnDeath="TRUE" />
        <description>4910</description>
        <parameter type="LUCK" applytype="INCREASE" />
        <icon>art/2D/Effects/Resurrection.png</icon>
    </effect>
    <effect id="94" name="Hour of Inspiration">
        <flags CanMove="TRUE" CanRun="TRUE" CanJump="TRUE" CanRotate="TRUE" CanRotateHead="TRUE" CanOperate="TRUE" CanBeCanceled="FALSE" RemovedOnDeath="FALSE" />
        <description>5746</description>
        <parameter type="CAST_DURATION" applytype="DECREASE" value="0.8" />
        <icon>art/2D/Effects/Inspired_Work.png</icon>
    </effect>
    <effect id="95" name="Hour of Inspiration Cooldown">
        <flags CanMove="TRUE" CanRun="TRUE" CanJump="TRUE" CanRotate="TRUE" CanRotateHead="TRUE" CanOperate="TRUE" CanBeCanceled="FALSE" RemovedOnDeath="FALSE" />
        <description>5747</description>
        <parameter type="NONE" applytype="NONE" />
        <icon>art/2D/Effects/Inspired_Work_Cooldown.png</icon>
    </effect>
    <effect id="96" name="Gaining Reduced (50%)">
        <flags CanMove="TRUE" CanRun="TRUE" CanJump="TRUE" CanRotate="TRUE" CanRotateHead="TRUE" CanOperate="TRUE" CanBeCanceled="TRUE" RemovedOnDeath="FALSE" />
        <description>5769</description>
        <icon>art/2D/Effects/Gaining_Reduced_50.png</icon>
    </effect>
    <effect id="97" name="Gaining Reduced (100%)">
        <flags CanMove="TRUE" CanRun="TRUE" CanJump="TRUE" CanRotate="TRUE" CanRotateHead="TRUE" CanOperate="TRUE" CanBeCanceled="TRUE" RemovedOnDeath="FALSE" />
        <description>5770</description>
        <icon>art/2D/Effects/Gaining_Reduced_100.png</icon>
    </effect>
    <effect id="98" name="Resting Bonus">
        <flags CanMove="TRUE" CanRun="TRUE" CanJump="TRUE" CanRotate="TRUE" CanRotateHead="TRUE" CanOperate="TRUE" CanBeCanceled="FALSE" RemovedOnDeath="FALSE" />
        <description></description>
        <parameter type="NONE" applytype="NONE" />
        <icon>art/2D/Effects/Inspired_Work.png</icon>
    </effect>

    <effect id="99" name="Blacksmith skills gain boost">
        <flags CanMove="TRUE" CanRun="TRUE" CanJump="TRUE" CanRotate="TRUE" CanRotateHead="TRUE" CanOperate="TRUE" CanBeCanceled="FALSE" RemovedOnDeath="FALSE" RealTime="TRUE" />
        <description>5758</description>
        <parameter type="EXP_TO_SKILL_GAIN_BONUS" skill="17 3 4 5" applytype="INCREASE_COEFF" />
        <icon>art/2D/Effects/aori.png</icon>
    </effect>
    <effect id="100" name="Cavalry and Slinger skills gain boost">
        <flags CanMove="TRUE" CanRun="TRUE" CanJump="TRUE" CanRotate="TRUE" CanRotateHead="TRUE" CanOperate="TRUE" CanBeCanceled="FALSE" RemovedOnDeath="FALSE" RealTime="TRUE" />
        <description>5758</description>
        <parameter type="EXP_TO_SKILL_GAIN_BONUS" skill="28 29 30" applytype="INCREASE_COEFF" />
        <parameter type="EXP_TO_SKILL_GAIN_BONUS" skill="47 48 49" applytype="INCREASE_COEFF" />
        <icon>art/2D/Effects/gloom.png</icon>
    </effect>
    <effect id="101" name="Militia skills gain boost">
        <flags CanMove="TRUE" CanRun="TRUE" CanJump="TRUE" CanRotate="TRUE" CanRotateHead="TRUE" CanOperate="TRUE" CanBeCanceled="FALSE" RemovedOnDeath="FALSE" RealTime="TRUE" />
        <description>5758</description>
        <parameter type="EXP_TO_SKILL_GAIN_BONUS" skill="33 34 35" applytype="INCREASE_COEFF" />
        <icon>art/2D/Effects/holza.png</icon>
    </effect>
    <effect id="102" name="Cattleman skills gain boost">
        <flags CanMove="TRUE" CanRun="TRUE" CanJump="TRUE" CanRotate="TRUE" CanRotateHead="TRUE" CanOperate="TRUE" CanBeCanceled="FALSE" RemovedOnDeath="FALSE" RealTime="TRUE" />
        <description>5758</description>
        <parameter type="EXP_TO_SKILL_GAIN_BONUS" skill="51 23 22 26" applytype="INCREASE_COEFF" />
        <icon>art/2D/Effects/kallente.png</icon>
    </effect>
    <effect id="103" name="Farmer skills gain boost">
        <flags CanMove="TRUE" CanRun="TRUE" CanJump="TRUE" CanRotate="TRUE" CanRotateHead="TRUE" CanOperate="TRUE" CanBeCanceled="FALSE" RemovedOnDeath="FALSE" RealTime="TRUE" />
        <description>5758</description>
        <parameter type="EXP_TO_SKILL_GAIN_BONUS" skill="32 21 24 25" applytype="INCREASE_COEFF" />
        <icon>art/2D/Effects/amate.png</icon>
    </effect>
    <effect id="104" name="Footman and Assaulter skills gain boost">
        <flags CanMove="TRUE" CanRun="TRUE" CanJump="TRUE" CanRotate="TRUE" CanRotateHead="TRUE" CanOperate="TRUE" CanBeCanceled="FALSE" RemovedOnDeath="FALSE" RealTime="TRUE" />
        <description>5758</description>
        <parameter type="EXP_TO_SKILL_GAIN_BONUS" skill="36 38 40" applytype="INCREASE_COEFF" />
        <parameter type="EXP_TO_SKILL_GAIN_BONUS" skill="43 44 45" applytype="INCREASE_COEFF" />
        <icon>art/2D/Effects/velent.png</icon>
    </effect>
    <effect id="105" name="Builder and Carpenter skills gain boost">
        <flags CanMove="TRUE" CanRun="TRUE" CanJump="TRUE" CanRotate="TRUE" CanRotateHead="TRUE" CanOperate="TRUE" CanBeCanceled="FALSE" RemovedOnDeath="FALSE" RealTime="TRUE" />
        <description>5758</description>
        <parameter type="EXP_TO_SKILL_GAIN_BONUS" skill="1 18 19 20" applytype="INCREASE_COEFF" />
        <parameter type="EXP_TO_SKILL_GAIN_BONUS" skill="6 8 9 10" applytype="INCREASE_COEFF" />
        <icon>art/2D/Effects/terskel.png</icon>
    </effect>
    <effect id="106" name="Naturalist skills gain boost">
        <flags CanMove="TRUE" CanRun="TRUE" CanJump="TRUE" CanRotate="TRUE" CanRotateHead="TRUE" CanOperate="TRUE" CanBeCanceled="FALSE" RemovedOnDeath="FALSE" RealTime="TRUE" />
        <description>5758</description>
        <parameter type="EXP_TO_SKILL_GAIN_BONUS" skill="11 12 14 15" applytype="INCREASE_COEFF" />
        <icon>art/2D/Effects/sofapek.png</icon>
    </effect>
    <effect id="107" name="Miner skills gain boost">
        <flags CanMove="TRUE" CanRun="TRUE" CanJump="TRUE" CanRotate="TRUE" CanRotateHead="TRUE" CanOperate="TRUE" CanBeCanceled="FALSE" RemovedOnDeath="FALSE" RealTime="TRUE" />
        <description>5758</description>
        <parameter type="EXP_TO_SKILL_GAIN_BONUS" skill="2 16 31 52" applytype="INCREASE_COEFF" />
        <icon>art/2D/Effects/rob.png</icon>
    </effect>
    <effect id="108" name="Exhausted">
        <flags CanMove="TRUE" CanRun="FALSE" CanJump="FALSE" CanRotate="TRUE" CanRotateHead="TRUE" CanOperate="FALSE" CanBeCanceled="FALSE" RemovedOnDeath="TRUE" />
        <description>5772</description>
        <parameter type="SPEED" applytype="MULTIPLY" value="0.7" ignore_magnitude="1" />        
        <icon>art/2D/Effects/Exhausted.png</icon>
    </effect>    
</effects>
