<?xml version="1.0" encoding="utf-8"?>
<regions>
	<region id="1" name_msgid="2423">
		<terrain id="358" />
		<terrain id="359" />
		<terrain id="379" />
		<terrain id="380" />
		<terrain id="381" />
		<terrain id="390" />
		<terrain id="391" />
		<terrain id="392" />
		<terrain id="400" />
		<terrain id="401" />
		<terrain id="402" />
		<terrain id="411" />
		<terrain id="412" />
		<terrain id="413" />
		<terrain id="414" />
		<terrain id="415" />
		<terrain id="416" />
		<terrain id="421" />
		<terrain id="422" />
		<terrain id="423" />
		<terrain id="424" />
		<terrain id="425" />
		<terrain id="428" />
		<terrain id="429" />
		<terrain id="430" />
		<terrain id="431" />
		<terrain id="432" />
		<terrain id="433" />
		<terrain id="434" />
		<terrain id="435" />
		<terrain id="436" />
		<terrain id="437" />
	</region>
	<region id="2" name_msgid="2424">
		<terrain id="316" />
		<terrain id="317" />
		<terrain id="318" />
		<terrain id="319" />
		<terrain id="320" />
		<terrain id="321" />
		<terrain id="322" />
		<terrain id="323" />
		<terrain id="324" />
		<terrain id="337" />
		<terrain id="338" />
		<terrain id="339" />
		<terrain id="340" />
		<terrain id="341" />
		<terrain id="342" />
		<terrain id="343" />
		<terrain id="344" />
		<terrain id="345" />
		<terrain id="346" />
		<terrain id="347" />
		<terrain id="348" />
		<terrain id="360" />
		<terrain id="361" />
		<terrain id="362" />
		<terrain id="363" />
		<terrain id="364" />
		<terrain id="365" />
		<terrain id="366" />
		<terrain id="367" />
		<terrain id="368" />
		<terrain id="369" />
		<terrain id="382" />
		<terrain id="383" />
		<terrain id="384" />
		<terrain id="385" />
		<terrain id="386" />
		<terrain id="387" />
		<terrain id="388" />
		<terrain id="389" />
		<terrain id="403" />
		<terrain id="404" />
		<terrain id="405" />
		<terrain id="406" />
		<terrain id="407" />
		<terrain id="408" />
		<terrain id="409" />
		<terrain id="410" />
		<terrain id="426" />
		<terrain id="427" />
	</region>
	<region id="3" name_msgid="2425">
		<terrain id="265" />
		<terrain id="266" />
		<terrain id="267" />
		<terrain id="283" />
		<terrain id="284" />
		<terrain id="285" />
		<terrain id="286" />
		<terrain id="287" />
		<terrain id="288" />
		<terrain id="289" />
		<terrain id="290" />
		<terrain id="304" />
		<terrain id="305" />
		<terrain id="306" />
		<terrain id="307" />
		<terrain id="308" />
		<terrain id="309" />
		<terrain id="310" />
		<terrain id="311" />
		<terrain id="312" />
		<terrain id="325" />
		<terrain id="326" />
		<terrain id="327" />
		<terrain id="328" />
		<terrain id="329" />
		<terrain id="330" />
		<terrain id="331" />
		<terrain id="332" />
		<terrain id="333" />
		<terrain id="334" />
		<terrain id="349" />
		<terrain id="350" />
		<terrain id="351" />
		<terrain id="352" />
		<terrain id="353" />
		<terrain id="354" />
		<terrain id="355" />
		<terrain id="356" />
		<terrain id="357" />
		<terrain id="370" />
		<terrain id="371" />
		<terrain id="372" />
		<terrain id="373" />
		<terrain id="374" />
		<terrain id="375" />
		<terrain id="376" />
		<terrain id="377" />
		<terrain id="378" />
		<terrain id="393" />
		<terrain id="394" />
		<terrain id="395" />
		<terrain id="396" />
		<terrain id="397" />
		<terrain id="398" />
		<terrain id="399" />
		<terrain id="417" />
		<terrain id="418" />
		<terrain id="419" />
		<terrain id="420" />
		<terrain id="438" />
		<terrain id="439" />
		<terrain id="440" />
		<terrain id="441" />
	</region>
	<region id="4" name_msgid="2426">
		<terrain id="118" />
		<terrain id="119" />
		<terrain id="120" />
		<terrain id="139" />
		<terrain id="140" />
		<terrain id="141" />
		<terrain id="157" />
		<terrain id="158" />
		<terrain id="159" />
		<terrain id="160" />
		<terrain id="161" />
		<terrain id="162" />
		<terrain id="163" />
		<terrain id="164" />
		<terrain id="177" />
		<terrain id="178" />
		<terrain id="179" />
		<terrain id="180" />
		<terrain id="181" />
		<terrain id="182" />
		<terrain id="183" />
		<terrain id="184" />
		<terrain id="185" />
		<terrain id="186" />
		<terrain id="197" />
		<terrain id="198" />
		<terrain id="199" />
		<terrain id="200" />
		<terrain id="201" />
		<terrain id="202" />
		<terrain id="203" />
		<terrain id="204" />
		<terrain id="205" />
		<terrain id="206" />
		<terrain id="207" />
		<terrain id="218" />
		<terrain id="219" />
		<terrain id="220" />
		<terrain id="221" />
		<terrain id="222" />
		<terrain id="223" />
		<terrain id="224" />
		<terrain id="225" />
		<terrain id="226" />
		<terrain id="227" />
		<terrain id="243" />
		<terrain id="244" />
		<terrain id="245" />
		<terrain id="246" />
		<terrain id="247" />
		<terrain id="248" />
		<terrain id="268" />
		<terrain id="269" />
	</region>
	<region id="5" name_msgid="2427">
		<terrain id="190" />
		<terrain id="191" />
		<terrain id="192" />
		<terrain id="193" />
		<terrain id="194" />
		<terrain id="195" />
		<terrain id="196" />
		<terrain id="211" />
		<terrain id="212" />
		<terrain id="213" />
		<terrain id="214" />
		<terrain id="215" />
		<terrain id="216" />
		<terrain id="217" />
		<terrain id="232" />
		<terrain id="233" />
		<terrain id="234" />
		<terrain id="235" />
		<terrain id="236" />
		<terrain id="237" />
		<terrain id="238" />
		<terrain id="239" />
		<terrain id="240" />
		<terrain id="241" />
		<terrain id="242" />
		<terrain id="253" />
		<terrain id="254" />
		<terrain id="255" />
		<terrain id="256" />
		<terrain id="257" />
		<terrain id="258" />
		<terrain id="259" />
		<terrain id="260" />
		<terrain id="261" />
		<terrain id="262" />
		<terrain id="263" />
		<terrain id="264" />
		<terrain id="274" />
		<terrain id="275" />
		<terrain id="276" />
		<terrain id="277" />
		<terrain id="278" />
		<terrain id="279" />
		<terrain id="280" />
		<terrain id="281" />
		<terrain id="282" />
		<terrain id="295" />
		<terrain id="296" />
		<terrain id="297" />
		<terrain id="298" />
		<terrain id="299" />
		<terrain id="300" />
		<terrain id="301" />
		<terrain id="302" />
		<terrain id="303" />
	</region>
	<region id="6" name_msgid="2428">
		<terrain id="127" />
		<terrain id="128" />
		<terrain id="129" />
		<terrain id="130" />
		<terrain id="131" />
		<terrain id="132" />
		<terrain id="148" />
		<terrain id="149" />
		<terrain id="150" />
		<terrain id="151" />
		<terrain id="152" />
		<terrain id="153" />
		<terrain id="169" />
		<terrain id="170" />
		<terrain id="171" />
		<terrain id="172" />
		<terrain id="173" />
		<terrain id="174" />
	</region>
	<region id="7" name_msgid="2429">
		<terrain id="133" />
		<terrain id="134" />
		<terrain id="135" />
		<terrain id="136" />
		<terrain id="137" />
		<terrain id="138" />
		<terrain id="154" />
		<terrain id="155" />
		<terrain id="156" />
		<terrain id="175" />
		<terrain id="176" />
	</region>
	<region id="8" name_msgid="2430">
		<terrain id="1" />
		<terrain id="2" />
		<terrain id="3" />
		<terrain id="4" />
		<terrain id="5" />
		<terrain id="6" />
		<terrain id="7" />
		<terrain id="8" />
		<terrain id="9" />
		<terrain id="10" />
		<terrain id="11" />
		<terrain id="12" />
		<terrain id="16" />
		<terrain id="17" />
		<terrain id="18" />
		<terrain id="22" />
		<terrain id="23" />
		<terrain id="24" />
		<terrain id="25" />
		<terrain id="26" />
		<terrain id="28" />
		<terrain id="29" />
		<terrain id="30" />
		<terrain id="31" />
		<terrain id="32" />
		<terrain id="33" />
		<terrain id="37" />
		<terrain id="38" />
		<terrain id="43" />
		<terrain id="44" />
		<terrain id="45" />
		<terrain id="46" />
		<terrain id="59" />
		<terrain id="64" />
		<terrain id="65" />
		<terrain id="66" />
		<terrain id="85" />
		<terrain id="86" />
		<terrain id="87" />
		<terrain id="106" />
		<terrain id="107" />
		<terrain id="108" />
	</region>
	<region id="9" name_msgid="2431">
		<terrain id="27" />
		<terrain id="47" />
		<terrain id="48" />
		<terrain id="49" />
		<terrain id="50" />
		<terrain id="51" />
		<terrain id="67" />
		<terrain id="68" />
		<terrain id="69" />
		<terrain id="70" />
		<terrain id="71" />
		<terrain id="72" />
		<terrain id="88" />
		<terrain id="89" />
		<terrain id="90" />
		<terrain id="91" />
		<terrain id="92" />
		<terrain id="93" />
		<terrain id="109" />
		<terrain id="110" />
		<terrain id="111" />
		<terrain id="112" />
		<terrain id="113" />
		<terrain id="114" />
	</region>
	<region id="10" name_msgid="2432">
		<terrain id="13" />
		<terrain id="14" />
		<terrain id="15" />
		<terrain id="34" />
		<terrain id="35" />
		<terrain id="36" />
		<terrain id="52" />
		<terrain id="53" />
		<terrain id="54" />
		<terrain id="55" />
		<terrain id="56" />
		<terrain id="57" />
		<terrain id="58" />
		<terrain id="73" />
		<terrain id="74" />
		<terrain id="75" />
		<terrain id="76" />
		<terrain id="77" />
		<terrain id="78" />
		<terrain id="79" />
		<terrain id="80" />
		<terrain id="94" />
		<terrain id="95" />
		<terrain id="96" />
		<terrain id="97" />
		<terrain id="98" />
		<terrain id="99" />
		<terrain id="100" />
		<terrain id="101" />
		<terrain id="115" />
		<terrain id="116" />
		<terrain id="117" />
		<terrain id="121" />
		<terrain id="122" />
		<terrain id="142" />
		<terrain id="143" />
	</region>
	<region id="11" name_msgid="2433">
		<terrain id="19" />
		<terrain id="20" />
		<terrain id="21" />
		<terrain id="39" />
		<terrain id="40" />
		<terrain id="41" />
		<terrain id="42" />
		<terrain id="60" />
		<terrain id="61" />
		<terrain id="62" />
		<terrain id="63" />
		<terrain id="81" />
		<terrain id="82" />
		<terrain id="83" />
		<terrain id="84" />
		<terrain id="102" />
		<terrain id="103" />
		<terrain id="104" />
		<terrain id="105" />
		<terrain id="123" />
		<terrain id="124" />
		<terrain id="125" />
		<terrain id="126" />
		<terrain id="144" />
		<terrain id="145" />
		<terrain id="146" />
		<terrain id="147" />
		<terrain id="165" />
		<terrain id="166" />
		<terrain id="167" />
		<terrain id="168" />
		<terrain id="187" />
		<terrain id="188" />
		<terrain id="189" />
		<terrain id="208" />
		<terrain id="209" />
		<terrain id="210" />
		<terrain id="228" />
		<terrain id="229" />
		<terrain id="230" />
		<terrain id="231" />
		<terrain id="249" />
		<terrain id="250" />
		<terrain id="251" />
		<terrain id="252" />
		<terrain id="270" />
		<terrain id="271" />
		<terrain id="272" />
		<terrain id="273" />
		<terrain id="291" />
		<terrain id="292" />
		<terrain id="293" />
		<terrain id="294" />
		<terrain id="313" />
		<terrain id="314" />
		<terrain id="315" />
		<terrain id="335" />
		<terrain id="336" />
	</region>
	<region id="12" name_msgid="2434" yo="yes">
		<terrain id="442" />
		<terrain id="443" />
		<terrain id="444" />
		<terrain id="447" />
		<terrain id="450" />
	</region>
	<region id="13" name_msgid="2450" yo="yes">
		<terrain id="445" />
		<terrain id="446" />
	</region>
	<region id="14" name_msgid="2451" yo="yes">
		<terrain id="448" />
		<terrain id="449" />
	</region>
	<region id="15" name_msgid="5337" big="yes">
		<terrain id="1" />
		<terrain id="2" />
		<terrain id="3" />
		<terrain id="4" />
		<terrain id="5" />
		<terrain id="6" />
		<terrain id="37" />
		<terrain id="38" />
		<terrain id="39" />
		<terrain id="40" />
		<terrain id="41" />
		<terrain id="42" />
		<terrain id="73" />
		<terrain id="74" />
		<terrain id="75" />
		<terrain id="76" />
		<terrain id="77" />
		<terrain id="78" />
		<terrain id="109" />
		<terrain id="110" />
		<terrain id="111" />
		<terrain id="112" />
		<terrain id="113" />
		<terrain id="114" />
		<terrain id="145" />
		<terrain id="146" />
		<terrain id="147" />
		<terrain id="148" />
		<terrain id="181" />
		<terrain id="182" />
		<terrain id="183" />
		<terrain id="217" />
		<terrain id="218" />
		<terrain id="219" />
		<terrain id="253" />
		<terrain id="254" />
		<terrain id="255" />
		<terrain id="289" />
		<terrain id="290" />
		<terrain id="291" />
	</region>
	<region id="16" name_msgid="5338" big="yes">
		<terrain id="7" />
		<terrain id="8" />
		<terrain id="9" />
		<terrain id="10" />
		<terrain id="11" />
		<terrain id="12" />
		<terrain id="43" />
		<terrain id="44" />
		<terrain id="45" />
		<terrain id="46" />
		<terrain id="47" />
		<terrain id="48" />
		<terrain id="79" />
		<terrain id="80" />
		<terrain id="81" />
		<terrain id="82" />
		<terrain id="83" />
		<terrain id="84" />
		<terrain id="115" />
		<terrain id="116" />
		<terrain id="117" />
		<terrain id="118" />
		<terrain id="119" />
		<terrain id="120" />
		<terrain id="121" />
		<terrain id="122" />
		<terrain id="123" />
		<terrain id="153" />
		<terrain id="154" />
		<terrain id="155" />
		<terrain id="156" />
		<terrain id="157" />
		<terrain id="158" />
		<terrain id="159" />
		<terrain id="190" />
		<terrain id="191" />
		<terrain id="192" />
		<terrain id="193" />
		<terrain id="194" />
		<terrain id="195" />
	</region>
	<region id="17" name_msgid="5339" big="yes">
		<terrain id="13" />
		<terrain id="14" />
		<terrain id="15" />
		<terrain id="16" />
		<terrain id="17" />
		<terrain id="18" />
		<terrain id="19" />
		<terrain id="49" />
		<terrain id="50" />
		<terrain id="51" />
		<terrain id="52" />
		<terrain id="53" />
		<terrain id="54" />
		<terrain id="55" />
		<terrain id="56" />
		<terrain id="85" />
		<terrain id="86" />
		<terrain id="87" />
		<terrain id="88" />
		<terrain id="89" />
		<terrain id="90" />
		<terrain id="91" />
		<terrain id="92" />
		<terrain id="93" />
		<terrain id="124" />
		<terrain id="125" />
		<terrain id="126" />
		<terrain id="127" />
		<terrain id="128" />
		<terrain id="129" />
		<terrain id="160" />
		<terrain id="161" />
		<terrain id="162" />
		<terrain id="163" />
		<terrain id="164" />
		<terrain id="165" />
		<terrain id="196" />
		<terrain id="197" />
		<terrain id="198" />
		<terrain id="199" />
		<terrain id="200" />
		<terrain id="201" />
	</region>
	<region id="18" name_msgid="5340" big="yes">
		<terrain id="20" />
		<terrain id="21" />
		<terrain id="22" />
		<terrain id="23" />
		<terrain id="24" />
		<terrain id="25" />
		<terrain id="26" />
		<terrain id="27" />
		<terrain id="28" />
		<terrain id="29" />
		<terrain id="30" />
		<terrain id="31" />
		<terrain id="57" />
		<terrain id="58" />
		<terrain id="59" />
		<terrain id="60" />
		<terrain id="61" />
		<terrain id="62" />
		<terrain id="63" />
		<terrain id="64" />
		<terrain id="65" />
		<terrain id="66" />
		<terrain id="94" />
		<terrain id="95" />
		<terrain id="96" />
		<terrain id="97" />
		<terrain id="98" />
		<terrain id="99" />
		<terrain id="100" />
		<terrain id="101" />
		<terrain id="102" />
		<terrain id="130" />
		<terrain id="131" />
		<terrain id="132" />
		<terrain id="133" />
		<terrain id="134" />
		<terrain id="135" />
		<terrain id="136" />
		<terrain id="137" />
		<terrain id="138" />
		<terrain id="166" />
		<terrain id="167" />
		<terrain id="168" />
		<terrain id="172" />
		<terrain id="173" />
		<terrain id="174" />
		<terrain id="202" />
		<terrain id="203" />
		<terrain id="204" />
	</region>
	<region id="19" name_msgid="5341" big="yes">
		<terrain id="32" />
		<terrain id="33" />
		<terrain id="34" />
		<terrain id="35" />
		<terrain id="36" />
		<terrain id="67" />
		<terrain id="68" />
		<terrain id="69" />
		<terrain id="70" />
		<terrain id="71" />
		<terrain id="72" />
		<terrain id="103" />
		<terrain id="104" />
		<terrain id="105" />
		<terrain id="106" />
		<terrain id="107" />
		<terrain id="108" />
		<terrain id="139" />
		<terrain id="140" />
		<terrain id="141" />
		<terrain id="142" />
		<terrain id="143" />
		<terrain id="144" />
		<terrain id="175" />
		<terrain id="176" />
		<terrain id="177" />
		<terrain id="178" />
		<terrain id="179" />
		<terrain id="180" />
		<terrain id="211" />
		<terrain id="212" />
		<terrain id="213" />
		<terrain id="214" />
		<terrain id="215" />
		<terrain id="216" />
		<terrain id="250" />
		<terrain id="251" />
		<terrain id="252" />
		<terrain id="286" />
		<terrain id="287" />
		<terrain id="288" />
		<terrain id="322" />
		<terrain id="323" />
		<terrain id="324" />
	</region>
	<region id="20" name_msgid="5342" big="yes">
		<terrain id="149" />
		<terrain id="150" />
		<terrain id="151" />
		<terrain id="152" />
		<terrain id="184" />
		<terrain id="185" />
		<terrain id="186" />
		<terrain id="187" />
		<terrain id="188" />
		<terrain id="189" />
		<terrain id="220" />
		<terrain id="221" />
		<terrain id="222" />
		<terrain id="223" />
		<terrain id="224" />
		<terrain id="225" />
		<terrain id="226" />
		<terrain id="227" />
		<terrain id="228" />
		<terrain id="256" />
		<terrain id="257" />
		<terrain id="258" />
		<terrain id="259" />
		<terrain id="260" />
		<terrain id="261" />
		<terrain id="262" />
		<terrain id="263" />
		<terrain id="264" />
		<terrain id="292" />
		<terrain id="293" />
		<terrain id="294" />
		<terrain id="295" />
		<terrain id="296" />
		<terrain id="297" />
		<terrain id="298" />
		<terrain id="299" />
		<terrain id="300" />
		<terrain id="331" />
		<terrain id="332" />
		<terrain id="333" />
	</region>
	<region id="21" name_msgid="5343" big="yes">
		<terrain id="169" />
		<terrain id="170" />
		<terrain id="171" />
		<terrain id="205" />
		<terrain id="206" />
		<terrain id="207" />
		<terrain id="208" />
		<terrain id="209" />
		<terrain id="210" />
		<terrain id="238" />
		<terrain id="239" />
		<terrain id="240" />
		<terrain id="241" />
		<terrain id="242" />
		<terrain id="243" />
		<terrain id="244" />
		<terrain id="245" />
		<terrain id="246" />
		<terrain id="247" />
		<terrain id="248" />
		<terrain id="249" />
		<terrain id="274" />
		<terrain id="275" />
		<terrain id="276" />
		<terrain id="277" />
		<terrain id="278" />
		<terrain id="279" />
		<terrain id="280" />
		<terrain id="281" />
		<terrain id="282" />
		<terrain id="283" />
		<terrain id="284" />
		<terrain id="285" />
		<terrain id="310" />
		<terrain id="311" />
		<terrain id="312" />
		<terrain id="313" />
		<terrain id="314" />
		<terrain id="315" />
		<terrain id="316" />
		<terrain id="317" />
		<terrain id="318" />
		<terrain id="319" />
		<terrain id="320" />
		<terrain id="321" />
	</region>
	<region id="22" name_msgid="5344" big="yes">
		<terrain id="229" />
		<terrain id="230" />
		<terrain id="231" />
		<terrain id="232" />
		<terrain id="233" />
		<terrain id="265" />
		<terrain id="266" />
		<terrain id="267" />
		<terrain id="268" />
		<terrain id="269" />
		<terrain id="301" />
		<terrain id="302" />
		<terrain id="303" />
		<terrain id="304" />
		<terrain id="305" />
		<terrain id="334" />
		<terrain id="335" />
		<terrain id="336" />
		<terrain id="337" />
		<terrain id="338" />
		<terrain id="339" />
		<terrain id="340" />
		<terrain id="341" />
		<terrain id="342" />
		<terrain id="369" />
		<terrain id="370" />
		<terrain id="371" />
		<terrain id="372" />
		<terrain id="373" />
		<terrain id="374" />
		<terrain id="375" />
		<terrain id="376" />
		<terrain id="377" />
		<terrain id="378" />
		<terrain id="405" />
		<terrain id="406" />
		<terrain id="407" />
		<terrain id="408" />
		<terrain id="409" />
		<terrain id="410" />
		<terrain id="411" />
		<terrain id="412" />
		<terrain id="413" />
		<terrain id="414" />
	</region>
	<region id="23" name_msgid="5345" big="yes">
		<terrain id="234" />
		<terrain id="235" />
		<terrain id="236" />
		<terrain id="237" />
		<terrain id="270" />
		<terrain id="271" />
		<terrain id="272" />
		<terrain id="273" />
		<terrain id="306" />
		<terrain id="307" />
		<terrain id="308" />
		<terrain id="309" />
		<terrain id="343" />
		<terrain id="344" />
		<terrain id="345" />
		<terrain id="346" />
		<terrain id="347" />
		<terrain id="348" />
		<terrain id="349" />
		<terrain id="350" />
		<terrain id="351" />
		<terrain id="379" />
		<terrain id="380" />
		<terrain id="381" />
		<terrain id="382" />
		<terrain id="383" />
		<terrain id="384" />
		<terrain id="385" />
		<terrain id="386" />
		<terrain id="387" />
		<terrain id="415" />
		<terrain id="416" />
		<terrain id="417" />
		<terrain id="418" />
		<terrain id="419" />
		<terrain id="420" />
		<terrain id="421" />
		<terrain id="422" />
		<terrain id="423" />
		<terrain id="451" />
		<terrain id="452" />
		<terrain id="453" />
		<terrain id="454" />
		<terrain id="455" />
		<terrain id="456" />
	</region>
	<region id="24" name_msgid="5346" big="yes">
		<terrain id="325" />
		<terrain id="326" />
		<terrain id="327" />
		<terrain id="328" />
		<terrain id="329" />
		<terrain id="330" />
		<terrain id="361" />
		<terrain id="362" />
		<terrain id="363" />
		<terrain id="364" />
		<terrain id="365" />
		<terrain id="366" />
		<terrain id="367" />
		<terrain id="368" />
		<terrain id="397" />
		<terrain id="398" />
		<terrain id="399" />
		<terrain id="400" />
		<terrain id="401" />
		<terrain id="402" />
		<terrain id="403" />
		<terrain id="404" />
		<terrain id="433" />
		<terrain id="434" />
		<terrain id="435" />
		<terrain id="436" />
		<terrain id="437" />
		<terrain id="438" />
		<terrain id="469" />
		<terrain id="470" />
		<terrain id="471" />
		<terrain id="472" />
		<terrain id="473" />
		<terrain id="474" />
		<terrain id="505" />
		<terrain id="506" />
		<terrain id="507" />
		<terrain id="508" />
		<terrain id="509" />
		<terrain id="510" />
		<terrain id="541" />
		<terrain id="542" />
		<terrain id="543" />
		<terrain id="577" />
		<terrain id="578" />
		<terrain id="579" />
		<terrain id="613" />
		<terrain id="614" />
		<terrain id="615" />
	</region>
	<region id="25" name_msgid="5347" big="yes">
		<terrain id="352" />
		<terrain id="353" />
		<terrain id="354" />
		<terrain id="355" />
		<terrain id="356" />
		<terrain id="357" />
		<terrain id="358" />
		<terrain id="359" />
		<terrain id="360" />
		<terrain id="388" />
		<terrain id="389" />
		<terrain id="390" />
		<terrain id="391" />
		<terrain id="392" />
		<terrain id="393" />
		<terrain id="394" />
		<terrain id="395" />
		<terrain id="396" />
		<terrain id="424" />
		<terrain id="425" />
		<terrain id="426" />
		<terrain id="427" />
		<terrain id="428" />
		<terrain id="429" />
		<terrain id="430" />
		<terrain id="431" />
		<terrain id="432" />
		<terrain id="463" />
		<terrain id="464" />
		<terrain id="465" />
		<terrain id="466" />
		<terrain id="467" />
		<terrain id="468" />
		<terrain id="499" />
		<terrain id="500" />
		<terrain id="501" />
		<terrain id="502" />
		<terrain id="503" />
		<terrain id="504" />
		<terrain id="535" />
		<terrain id="536" />
		<terrain id="537" />
		<terrain id="538" />
		<terrain id="539" />
		<terrain id="540" />
	</region>
	<region id="26" name_msgid="5348" big="yes">
		<terrain id="439" />
		<terrain id="440" />
		<terrain id="441" />
		<terrain id="442" />
		<terrain id="443" />
		<terrain id="444" />
		<terrain id="445" />
		<terrain id="446" />
		<terrain id="447" />
		<terrain id="475" />
		<terrain id="476" />
		<terrain id="477" />
		<terrain id="478" />
		<terrain id="479" />
		<terrain id="480" />
		<terrain id="481" />
		<terrain id="482" />
		<terrain id="483" />
		<terrain id="511" />
		<terrain id="512" />
		<terrain id="513" />
		<terrain id="514" />
		<terrain id="515" />
		<terrain id="516" />
		<terrain id="517" />
		<terrain id="518" />
		<terrain id="519" />
		<terrain id="544" />
		<terrain id="545" />
		<terrain id="546" />
		<terrain id="547" />
		<terrain id="548" />
		<terrain id="549" />
		<terrain id="580" />
		<terrain id="581" />
		<terrain id="582" />
		<terrain id="583" />
		<terrain id="584" />
		<terrain id="585" />
		<terrain id="616" />
		<terrain id="617" />
		<terrain id="618" />
		<terrain id="619" />
		<terrain id="620" />
		<terrain id="621" />
	</region>
	<region id="27" name_msgid="5349" big="yes">
		<terrain id="448" />
		<terrain id="449" />
		<terrain id="450" />
		<terrain id="484" />
		<terrain id="485" />
		<terrain id="486" />
		<terrain id="487" />
		<terrain id="488" />
		<terrain id="489" />
		<terrain id="490" />
		<terrain id="491" />
		<terrain id="492" />
		<terrain id="520" />
		<terrain id="521" />
		<terrain id="522" />
		<terrain id="523" />
		<terrain id="524" />
		<terrain id="525" />
		<terrain id="526" />
		<terrain id="527" />
		<terrain id="528" />
		<terrain id="559" />
		<terrain id="560" />
		<terrain id="561" />
		<terrain id="562" />
		<terrain id="563" />
		<terrain id="595" />
		<terrain id="596" />
		<terrain id="597" />
		<terrain id="598" />
		<terrain id="599" />
		<terrain id="631" />
		<terrain id="632" />
		<terrain id="633" />
		<terrain id="634" />
	</region>
	<region id="28" name_msgid="5350" big="yes">
		<terrain id="457" />
		<terrain id="458" />
		<terrain id="459" />
		<terrain id="460" />
		<terrain id="461" />
		<terrain id="462" />
		<terrain id="493" />
		<terrain id="494" />
		<terrain id="495" />
		<terrain id="496" />
		<terrain id="497" />
		<terrain id="498" />
		<terrain id="529" />
		<terrain id="530" />
		<terrain id="531" />
		<terrain id="532" />
		<terrain id="533" />
		<terrain id="534" />
		<terrain id="564" />
		<terrain id="565" />
		<terrain id="566" />
		<terrain id="567" />
		<terrain id="568" />
		<terrain id="569" />
		<terrain id="570" />
		<terrain id="600" />
		<terrain id="601" />
		<terrain id="602" />
		<terrain id="603" />
		<terrain id="604" />
		<terrain id="605" />
		<terrain id="606" />
		<terrain id="635" />
		<terrain id="636" />
		<terrain id="637" />
		<terrain id="638" />
		<terrain id="671" />
		<terrain id="672" />
		<terrain id="708" />
	</region>
	<region id="29" name_msgid="5351" big="yes">
		<terrain id="550" />
		<terrain id="551" />
		<terrain id="552" />
		<terrain id="553" />
		<terrain id="554" />
		<terrain id="555" />
		<terrain id="586" />
		<terrain id="587" />
		<terrain id="588" />
		<terrain id="589" />
		<terrain id="590" />
		<terrain id="591" />
		<terrain id="622" />
		<terrain id="623" />
		<terrain id="624" />
		<terrain id="625" />
		<terrain id="626" />
		<terrain id="627" />
		<terrain id="649" />
		<terrain id="650" />
		<terrain id="651" />
		<terrain id="652" />
		<terrain id="653" />
		<terrain id="654" />
		<terrain id="655" />
		<terrain id="656" />
		<terrain id="657" />
		<terrain id="658" />
		<terrain id="659" />
		<terrain id="660" />
		<terrain id="661" />
		<terrain id="662" />
		<terrain id="663" />
		<terrain id="685" />
		<terrain id="686" />
		<terrain id="687" />
		<terrain id="688" />
		<terrain id="689" />
		<terrain id="690" />
		<terrain id="691" />
		<terrain id="692" />
		<terrain id="693" />
		<terrain id="698" />
		<terrain id="699" />
		<terrain id="721" />
		<terrain id="722" />
		<terrain id="723" />
		<terrain id="724" />
		<terrain id="725" />
		<terrain id="726" />
		<terrain id="727" />
		<terrain id="728" />
		<terrain id="729" />
	</region>
	<region id="30" name_msgid="5352" big="yes">
		<terrain id="556" />
		<terrain id="557" />
		<terrain id="558" />
		<terrain id="592" />
		<terrain id="593" />
		<terrain id="594" />
		<terrain id="628" />
		<terrain id="629" />
		<terrain id="630" />
		<terrain id="664" />
		<terrain id="665" />
		<terrain id="666" />
		<terrain id="700" />
		<terrain id="701" />
		<terrain id="702" />
		<terrain id="736" />
		<terrain id="737" />
		<terrain id="738" />
	</region>
	<region id="31" name_msgid="5353" big="yes">
		<terrain id="571" />
		<terrain id="572" />
		<terrain id="573" />
		<terrain id="574" />
		<terrain id="575" />
		<terrain id="576" />
		<terrain id="607" />
		<terrain id="608" />
		<terrain id="609" />
		<terrain id="610" />
		<terrain id="611" />
		<terrain id="612" />
		<terrain id="644" />
		<terrain id="645" />
		<terrain id="646" />
		<terrain id="647" />
		<terrain id="648" />
		<terrain id="680" />
		<terrain id="681" />
		<terrain id="682" />
		<terrain id="683" />
		<terrain id="684" />
		<terrain id="716" />
		<terrain id="717" />
		<terrain id="718" />
		<terrain id="719" />
		<terrain id="720" />
		<terrain id="754" />
		<terrain id="755" />
		<terrain id="756" />
		<terrain id="790" />
		<terrain id="791" />
		<terrain id="792" />
		<terrain id="826" />
		<terrain id="827" />
		<terrain id="828" />
		<terrain id="862" />
		<terrain id="863" />
		<terrain id="864" />
	</region>
	<region id="32" name_msgid="5354" big="yes">
		<terrain id="639" />
		<terrain id="640" />
		<terrain id="641" />
		<terrain id="642" />
		<terrain id="643" />
		<terrain id="673" />
		<terrain id="674" />
		<terrain id="675" />
		<terrain id="676" />
		<terrain id="677" />
		<terrain id="678" />
		<terrain id="679" />
		<terrain id="709" />
		<terrain id="710" />
		<terrain id="711" />
		<terrain id="712" />
		<terrain id="713" />
		<terrain id="714" />
		<terrain id="715" />
		<terrain id="745" />
		<terrain id="746" />
		<terrain id="747" />
		<terrain id="748" />
		<terrain id="749" />
		<terrain id="750" />
		<terrain id="751" />
		<terrain id="752" />
		<terrain id="753" />
		<terrain id="781" />
		<terrain id="782" />
		<terrain id="783" />
		<terrain id="784" />
		<terrain id="785" />
		<terrain id="786" />
		<terrain id="787" />
		<terrain id="788" />
		<terrain id="789" />
		<terrain id="817" />
		<terrain id="818" />
		<terrain id="819" />
		<terrain id="820" />
		<terrain id="821" />
		<terrain id="822" />
		<terrain id="823" />
		<terrain id="853" />
		<terrain id="854" />
		<terrain id="855" />
		<terrain id="856" />
		<terrain id="857" />
		<terrain id="858" />
		<terrain id="859" />
	</region>
	<region id="33" name_msgid="5355" big="yes">
		<terrain id="667" />
		<terrain id="668" />
		<terrain id="669" />
		<terrain id="670" />
		<terrain id="703" />
		<terrain id="704" />
		<terrain id="705" />
		<terrain id="706" />
		<terrain id="707" />
		<terrain id="739" />
		<terrain id="740" />
		<terrain id="741" />
		<terrain id="742" />
		<terrain id="743" />
		<terrain id="744" />
		<terrain id="773" />
		<terrain id="774" />
		<terrain id="775" />
		<terrain id="776" />
		<terrain id="777" />
		<terrain id="778" />
		<terrain id="779" />
		<terrain id="780" />
		<terrain id="809" />
		<terrain id="810" />
		<terrain id="811" />
		<terrain id="812" />
		<terrain id="813" />
		<terrain id="814" />
		<terrain id="815" />
		<terrain id="816" />
		<terrain id="845" />
		<terrain id="846" />
		<terrain id="847" />
		<terrain id="848" />
		<terrain id="849" />
		<terrain id="850" />
		<terrain id="851" />
		<terrain id="852" />
	</region>
	<region id="34" name_msgid="5356" big="yes">
		<terrain id="694" />
		<terrain id="695" />
		<terrain id="696" />
		<terrain id="697" />
		<terrain id="730" />
		<terrain id="731" />
		<terrain id="732" />
		<terrain id="733" />
		<terrain id="734" />
		<terrain id="735" />
		<terrain id="763" />
		<terrain id="764" />
		<terrain id="765" />
		<terrain id="766" />
		<terrain id="767" />
		<terrain id="768" />
		<terrain id="769" />
		<terrain id="770" />
		<terrain id="771" />
		<terrain id="772" />
		<terrain id="799" />
		<terrain id="800" />
		<terrain id="801" />
		<terrain id="802" />
		<terrain id="803" />
		<terrain id="804" />
		<terrain id="805" />
		<terrain id="806" />
		<terrain id="807" />
		<terrain id="808" />
		<terrain id="835" />
		<terrain id="836" />
		<terrain id="837" />
		<terrain id="838" />
		<terrain id="839" />
		<terrain id="840" />
		<terrain id="841" />
		<terrain id="842" />
		<terrain id="843" />
		<terrain id="844" />
	</region>
	<region id="35" name_msgid="5357" big="yes">
		<terrain id="757" />
		<terrain id="758" />
		<terrain id="759" />
		<terrain id="760" />
		<terrain id="761" />
		<terrain id="762" />
		<terrain id="793" />
		<terrain id="794" />
		<terrain id="795" />
		<terrain id="796" />
		<terrain id="797" />
		<terrain id="798" />
		<terrain id="829" />
		<terrain id="830" />
		<terrain id="831" />
		<terrain id="832" />
		<terrain id="833" />
		<terrain id="834" />
		<terrain id="865" />
		<terrain id="866" />
		<terrain id="867" />
		<terrain id="868" />
		<terrain id="869" />
		<terrain id="870" />
		<terrain id="901" />
		<terrain id="902" />
		<terrain id="903" />
		<terrain id="904" />
		<terrain id="905" />
		<terrain id="906" />
		<terrain id="937" />
		<terrain id="938" />
		<terrain id="939" />
		<terrain id="940" />
		<terrain id="941" />
		<terrain id="942" />
	</region>
	<region id="36" name_msgid="5358" big="yes">
		<terrain id="824" />
		<terrain id="825" />
		<terrain id="860" />
		<terrain id="861" />
		<terrain id="895" />
		<terrain id="896" />
		<terrain id="897" />
		<terrain id="898" />
		<terrain id="899" />
		<terrain id="900" />
		<terrain id="931" />
		<terrain id="932" />
		<terrain id="933" />
		<terrain id="934" />
		<terrain id="935" />
		<terrain id="936" />
		<terrain id="967" />
		<terrain id="968" />
		<terrain id="969" />
		<terrain id="970" />
		<terrain id="971" />
		<terrain id="972" />
		<terrain id="1003" />
		<terrain id="1004" />
		<terrain id="1005" />
		<terrain id="1006" />
		<terrain id="1007" />
		<terrain id="1008" />
		<terrain id="1039" />
		<terrain id="1040" />
		<terrain id="1041" />
		<terrain id="1042" />
		<terrain id="1043" />
		<terrain id="1044" />
		<terrain id="1075" />
		<terrain id="1076" />
		<terrain id="1077" />
		<terrain id="1078" />
		<terrain id="1079" />
		<terrain id="1080" />
	</region>
	<region id="37" name_msgid="5359" big="yes">
		<terrain id="871" />
		<terrain id="872" />
		<terrain id="873" />
		<terrain id="874" />
		<terrain id="875" />
		<terrain id="876" />
		<terrain id="907" />
		<terrain id="908" />
		<terrain id="909" />
		<terrain id="910" />
		<terrain id="911" />
		<terrain id="912" />
		<terrain id="943" />
		<terrain id="944" />
		<terrain id="945" />
		<terrain id="946" />
		<terrain id="947" />
		<terrain id="948" />
		<terrain id="982" />
		<terrain id="983" />
		<terrain id="984" />
		<terrain id="1018" />
		<terrain id="1019" />
		<terrain id="1020" />
		<terrain id="1054" />
		<terrain id="1055" />
		<terrain id="1056" />
		<terrain id="1090" />
		<terrain id="1091" />
		<terrain id="1126" />
		<terrain id="1127" />
	</region>
	<region id="38" name_msgid="5360" big="yes">
		<terrain id="877" />
		<terrain id="878" />
		<terrain id="879" />
		<terrain id="880" />
		<terrain id="881" />
		<terrain id="882" />
		<terrain id="883" />
		<terrain id="884" />
		<terrain id="885" />
		<terrain id="913" />
		<terrain id="914" />
		<terrain id="915" />
		<terrain id="916" />
		<terrain id="917" />
		<terrain id="918" />
		<terrain id="919" />
		<terrain id="920" />
		<terrain id="921" />
		<terrain id="949" />
		<terrain id="950" />
		<terrain id="951" />
		<terrain id="952" />
		<terrain id="953" />
		<terrain id="954" />
		<terrain id="955" />
		<terrain id="956" />
		<terrain id="957" />
		<terrain id="985" />
		<terrain id="986" />
		<terrain id="987" />
		<terrain id="988" />
		<terrain id="989" />
		<terrain id="990" />
		<terrain id="991" />
		<terrain id="992" />
		<terrain id="993" />
		<terrain id="1021" />
		<terrain id="1022" />
		<terrain id="1023" />
		<terrain id="1024" />
		<terrain id="1025" />
		<terrain id="1026" />
		<terrain id="1027" />
		<terrain id="1028" />
		<terrain id="1029" />
		<terrain id="1060" />
		<terrain id="1061" />
		<terrain id="1062" />
		<terrain id="1063" />
		<terrain id="1064" />
		<terrain id="1065" />
		<terrain id="1099" />
		<terrain id="1100" />
		<terrain id="1101" />
	</region>
	<region id="39" name_msgid="5361" big="yes">
		<terrain id="886" />
		<terrain id="887" />
		<terrain id="888" />
		<terrain id="889" />
		<terrain id="890" />
		<terrain id="891" />
		<terrain id="892" />
		<terrain id="893" />
		<terrain id="894" />
		<terrain id="922" />
		<terrain id="923" />
		<terrain id="924" />
		<terrain id="925" />
		<terrain id="926" />
		<terrain id="927" />
		<terrain id="928" />
		<terrain id="929" />
		<terrain id="930" />
		<terrain id="958" />
		<terrain id="959" />
		<terrain id="960" />
		<terrain id="961" />
		<terrain id="962" />
		<terrain id="963" />
		<terrain id="964" />
		<terrain id="965" />
		<terrain id="966" />
		<terrain id="994" />
		<terrain id="995" />
		<terrain id="996" />
		<terrain id="997" />
		<terrain id="998" />
		<terrain id="999" />
		<terrain id="1000" />
		<terrain id="1001" />
		<terrain id="1002" />
		<terrain id="1030" />
		<terrain id="1031" />
		<terrain id="1032" />
		<terrain id="1033" />
		<terrain id="1034" />
		<terrain id="1035" />
		<terrain id="1036" />
		<terrain id="1037" />
		<terrain id="1038" />
		<terrain id="1066" />
		<terrain id="1067" />
		<terrain id="1068" />
		<terrain id="1069" />
		<terrain id="1070" />
		<terrain id="1071" />
		<terrain id="1072" />
		<terrain id="1073" />
		<terrain id="1074" />
	</region>
	<region id="40" name_msgid="5362" big="yes">
		<terrain id="973" />
		<terrain id="974" />
		<terrain id="975" />
		<terrain id="976" />
		<terrain id="977" />
		<terrain id="978" />
		<terrain id="1009" />
		<terrain id="1010" />
		<terrain id="1011" />
		<terrain id="1012" />
		<terrain id="1013" />
		<terrain id="1014" />
		<terrain id="1045" />
		<terrain id="1046" />
		<terrain id="1047" />
		<terrain id="1048" />
		<terrain id="1049" />
		<terrain id="1050" />
		<terrain id="1081" />
		<terrain id="1082" />
		<terrain id="1083" />
		<terrain id="1117" />
		<terrain id="1118" />
		<terrain id="1119" />
		<terrain id="1153" />
		<terrain id="1154" />
		<terrain id="1155" />
		<terrain id="1189" />
		<terrain id="1190" />
		<terrain id="1191" />
		<terrain id="1192" />
		<terrain id="1193" />
		<terrain id="1194" />
		<terrain id="1225" />
		<terrain id="1226" />
		<terrain id="1227" />
		<terrain id="1228" />
		<terrain id="1229" />
		<terrain id="1230" />
		<terrain id="1261" />
		<terrain id="1262" />
		<terrain id="1263" />
		<terrain id="1264" />
		<terrain id="1265" />
		<terrain id="1266" />
	</region>
	<region id="41" name_msgid="5363" big="yes">
		<terrain id="979" />
		<terrain id="980" />
		<terrain id="981" />
		<terrain id="1015" />
		<terrain id="1016" />
		<terrain id="1017" />
		<terrain id="1051" />
		<terrain id="1052" />
		<terrain id="1053" />
		<terrain id="1084" />
		<terrain id="1085" />
		<terrain id="1086" />
		<terrain id="1087" />
		<terrain id="1088" />
		<terrain id="1089" />
		<terrain id="1120" />
		<terrain id="1121" />
		<terrain id="1122" />
		<terrain id="1123" />
		<terrain id="1124" />
		<terrain id="1125" />
		<terrain id="1156" />
		<terrain id="1157" />
		<terrain id="1158" />
		<terrain id="1159" />
		<terrain id="1160" />
		<terrain id="1161" />
		<terrain id="1195" />
		<terrain id="1196" />
		<terrain id="1197" />
		<terrain id="1231" />
		<terrain id="1232" />
		<terrain id="1233" />
		<terrain id="1267" />
		<terrain id="1268" />
		<terrain id="1269" />
	</region>
	<region id="42" name_msgid="5364" big="yes">
		<terrain id="1057" />
		<terrain id="1058" />
		<terrain id="1059" />
		<terrain id="1092" />
		<terrain id="1093" />
		<terrain id="1094" />
		<terrain id="1095" />
		<terrain id="1128" />
		<terrain id="1129" />
		<terrain id="1130" />
		<terrain id="1131" />
		<terrain id="1162" />
		<terrain id="1163" />
		<terrain id="1164" />
		<terrain id="1165" />
		<terrain id="1166" />
		<terrain id="1167" />
		<terrain id="1198" />
		<terrain id="1199" />
		<terrain id="1200" />
		<terrain id="1201" />
		<terrain id="1202" />
		<terrain id="1203" />
		<terrain id="1234" />
		<terrain id="1235" />
		<terrain id="1236" />
		<terrain id="1237" />
		<terrain id="1238" />
		<terrain id="1239" />
		<terrain id="1270" />
		<terrain id="1271" />
		<terrain id="1272" />
		<terrain id="1273" />
		<terrain id="1274" />
		<terrain id="1275" />
	</region>
	<region id="43" name_msgid="5365" big="yes">
		<terrain id="1096" />
		<terrain id="1097" />
		<terrain id="1098" />
		<terrain id="1132" />
		<terrain id="1133" />
		<terrain id="1134" />
		<terrain id="1168" />
		<terrain id="1169" />
		<terrain id="1170" />
		<terrain id="1204" />
		<terrain id="1205" />
		<terrain id="1206" />
		<terrain id="1207" />
		<terrain id="1208" />
		<terrain id="1209" />
		<terrain id="1240" />
		<terrain id="1241" />
		<terrain id="1242" />
		<terrain id="1243" />
		<terrain id="1244" />
		<terrain id="1245" />
		<terrain id="1276" />
		<terrain id="1277" />
		<terrain id="1278" />
		<terrain id="1279" />
		<terrain id="1280" />
		<terrain id="1281" />
	</region>
	<region id="44" name_msgid="5366" big="yes">
		<terrain id="1102" />
		<terrain id="1103" />
		<terrain id="1104" />
		<terrain id="1105" />
		<terrain id="1106" />
		<terrain id="1107" />
		<terrain id="1135" />
		<terrain id="1136" />
		<terrain id="1137" />
		<terrain id="1138" />
		<terrain id="1139" />
		<terrain id="1140" />
		<terrain id="1141" />
		<terrain id="1142" />
		<terrain id="1143" />
		<terrain id="1171" />
		<terrain id="1172" />
		<terrain id="1173" />
		<terrain id="1174" />
		<terrain id="1175" />
		<terrain id="1176" />
		<terrain id="1177" />
		<terrain id="1178" />
		<terrain id="1179" />
		<terrain id="1210" />
		<terrain id="1211" />
		<terrain id="1212" />
		<terrain id="1213" />
		<terrain id="1214" />
		<terrain id="1215" />
		<terrain id="1246" />
		<terrain id="1247" />
		<terrain id="1248" />
		<terrain id="1249" />
		<terrain id="1250" />
		<terrain id="1251" />
		<terrain id="1282" />
		<terrain id="1283" />
		<terrain id="1284" />
		<terrain id="1285" />
		<terrain id="1286" />
		<terrain id="1287" />
	</region>
	<region id="45" name_msgid="5367" big="yes">
		<terrain id="1108" />
		<terrain id="1109" />
		<terrain id="1110" />
		<terrain id="1111" />
		<terrain id="1112" />
		<terrain id="1113" />
		<terrain id="1144" />
		<terrain id="1145" />
		<terrain id="1146" />
		<terrain id="1147" />
		<terrain id="1148" />
		<terrain id="1149" />
		<terrain id="1180" />
		<terrain id="1181" />
		<terrain id="1182" />
		<terrain id="1183" />
		<terrain id="1184" />
		<terrain id="1185" />
		<terrain id="1216" />
		<terrain id="1217" />
		<terrain id="1218" />
		<terrain id="1252" />
		<terrain id="1253" />
		<terrain id="1254" />
		<terrain id="1288" />
		<terrain id="1289" />
		<terrain id="1290" />
	</region>
	<region id="46" name_msgid="5368" big="yes">
		<terrain id="1114" />
		<terrain id="1115" />
		<terrain id="1116" />
		<terrain id="1150" />
		<terrain id="1151" />
		<terrain id="1152" />
		<terrain id="1186" />
		<terrain id="1187" />
		<terrain id="1188" />
		<terrain id="1219" />
		<terrain id="1220" />
		<terrain id="1221" />
		<terrain id="1222" />
		<terrain id="1223" />
		<terrain id="1224" />
		<terrain id="1255" />
		<terrain id="1256" />
		<terrain id="1257" />
		<terrain id="1258" />
		<terrain id="1259" />
		<terrain id="1260" />
		<terrain id="1291" />
		<terrain id="1292" />
		<terrain id="1293" />
		<terrain id="1294" />
		<terrain id="1295" />
		<terrain id="1296" />
	</region>
</regions>

