﻿<?xml version="1.0" encoding="utf-8"?>
<quests_subjects>
	<subject id="1" entity="complex_obj" typeID="1199"> <!-- Ferryman Idol -->
		<name>2556</name>
		<typeName>2556</typeName>
		<icon>gui/images/quest/icons/ferryman.png</icon>
		<init quest="1" conversation="1" />
		<answersHeader>4399</answersHeader>
	</subject>
	<subject id="2" entity="complex_obj" typeID="1510"> <!-- Dahleborne Sourgli -->
		<name>4001</name>
		<typeName>4001</typeName>
		<icon>gui/images/quest/icons/dahleborne_sourgli.png</icon>
		<init quest="2" conversation="1" />
		<answersHeader>2892</answersHeader>
	</subject>
	<subject id="3" entity="complex_obj" typeID="1511"> <!-- Unnwart the Gravedigger -->
		<name>4002</name>
		<typeName>4002</typeName>
		<icon>gui/images/quest/icons/unnwart_the_gravedigger.png</icon>
		<init quest="3" conversation="1" />
		<answersHeader>2892</answersHeader>
	</subject>
	<subject id="4" entity="complex_obj" typeID="1512"> <!-- Solef Oroskarpe -->
		<name>4003</name>
		<typeName>4003</typeName>
		<icon>gui/images/quest/icons/solef_oroskarpe.png</icon>
		<init quest="4" conversation="1" />
		<answersHeader>2892</answersHeader>
	</subject>
	<subject id="5" entity="complex_obj" typeID="1513"> <!-- Wranen the Hunter -->
		<name>4004</name>
		<typeName>4004</typeName>
		<icon>gui/images/quest/icons/wranen_the_hunter.png</icon>
		<init quest="5" conversation="1" />
		<answersHeader>2892</answersHeader>
	</subject>
	<subject id="6" entity="complex_obj" typeID="1514"> <!-- Yermyk Khtyn -->
		<name>4005</name>
		<typeName>4005</typeName>
		<icon>gui/images/quest/icons/yermyk_khtyn.png</icon>
		<init quest="6" conversation="1" />
		<answersHeader>2892</answersHeader>
	</subject>
	<subject id="7" entity="complex_obj" typeID="1515"> <!-- Hoytuhanir -->
		<name>4006</name>
		<typeName>4006</typeName>
		<icon>gui/images/quest/icons/hoytuhanir.png</icon>
		<init quest="7" conversation="1" />
		<answersHeader>2892</answersHeader>
	</subject>
	<subject id="8" entity="complex_obj" typeID="1516"> <!-- Accur - Assel -->
		<name>4007</name>
		<typeName>4007</typeName>
		<icon>gui/images/quest/icons/assel.png</icon>
		<init quest="8" conversation="1" />
		<answersHeader>2892</answersHeader>
	</subject>
	<subject id="9" entity="complex_obj" typeID="1517"> <!-- Ulf -->
		<name>4008</name>
		<typeName>4008</typeName>
		<icon>gui/images/quest/icons/ulf.png</icon>
		<init quest="9" conversation="1" />
		<answersHeader>2892</answersHeader>
	</subject>
	<subject id="10" entity="complex_obj" typeID="1518"> <!-- Karegast -->
		<name>4009</name>
		<typeName>4009</typeName>
		<icon>gui/images/quest/icons/karegast.png</icon>
		<init quest="10" conversation="1" />
		<answersHeader>2892</answersHeader>
	</subject>
	<subject id="11" entity="complex_obj" typeID="1519"> <!-- Lodur -->
		<name>4010</name>
		<typeName>4010</typeName>
		<icon>gui/images/quest/icons/lodur.png</icon>
		<init quest="11" conversation="1" />
		<answersHeader>2892</answersHeader>
	</subject>
	<subject id="12" entity="complex_obj" typeID="1520"> <!-- Mara -->
		<name>4011</name>
		<typeName>4011</typeName>
		<icon>gui/images/quest/icons/mara.png</icon>
		<init quest="12" conversation="1" />
		<answersHeader>2892</answersHeader>
	</subject>
	<subject id="13" entity="complex_obj" typeID="1521"> <!-- Prisoner -->
		<name>4012</name>
		<typeName>4012</typeName>
		<icon>gui/images/quest/icons/prisoner.png</icon>
		<init quest="13" conversation="1" />
		<answersHeader>2892</answersHeader>
	</subject>
	<subject id="14" entity="complex_obj" typeID="1544"> <!-- Ulf's Crate -->
		<name>4335</name>
		<typeName>4335</typeName>
		<icon>gui/images/quest/icons/avatar_ferryman.png</icon>
		<init quest="14" conversation="1" />
		<answersHeader>4399</answersHeader>
	</subject>
	<subject id="15" entity="complex_obj" typeID="1545"> <!-- Ulf's Chest -->
		<name>4336</name>
		<typeName>4336</typeName>
		<icon>gui/images/quest/icons/avatar_ferryman.png</icon>
		<init quest="15" conversation="1" />
		<answersHeader>4399</answersHeader>
	</subject>
	<subject id="16" entity="complex_obj" typeID="1546"> <!-- Crate of One-armed -->
		<name>4337</name>
		<typeName>4337</typeName>
		<icon>gui/images/quest/icons/avatar_ferryman.png</icon>
		<init quest="16" conversation="1" />
		<answersHeader>4399</answersHeader>
	</subject>
	<subject id="17" entity="complex_obj" typeID="1547"> <!-- Headman's Chest -->
		<name>4338</name>
		<typeName>4338</typeName>
		<icon>gui/images/quest/icons/avatar_ferryman.png</icon>
		<init quest="17" conversation="1" />
		<answersHeader>4399</answersHeader>
	</subject>
	<subject id="18" entity="complex_obj" typeID="1548"> <!-- Peasant's Chest -->
		<name>4339</name>
		<typeName>4339</typeName>
		<icon>gui/images/quest/icons/avatar_ferryman.png</icon>
		<init quest="18" conversation="1" />
		<answersHeader>4399</answersHeader>
	</subject>
	<subject id="19" entity="complex_obj" typeID="1549"> <!-- Dusty Crate -->
		<name>4340</name>
		<typeName>4340</typeName>
		<icon>gui/images/quest/icons/avatar_ferryman.png</icon>
		<init quest="19" conversation="1" />
		<answersHeader>4399</answersHeader>
	</subject>
	<subject id="20" entity="complex_obj" typeID="1550"> <!-- Crate of The Cook -->
		<name>4341</name>
		<typeName>4341</typeName>
		<icon>gui/images/quest/icons/avatar_ferryman.png</icon>
		<init quest="20" conversation="1" />
		<answersHeader>4399</answersHeader>
	</subject>
	<subject id="21" entity="complex_obj" typeID="2246"> <!-- Mamon Sokol -->
		<name>5715</name>
		<typeName>5715</typeName>
		<icon>gui/images/quest/icons/avatar_ferryman.png</icon>
		<init quest="21" conversation="1" />
		<answersHeader>2892</answersHeader>
	</subject>
</quests_subjects>
