<?xml version="1.0" encoding="utf-8" ?>
<calendar>
	<day id="0">
		<sow>wCabbage wCarrot wOnion wPeas wWheat wRye wBarley wOat</sow>
		<grow>wFlax</grow>
		<harvest>wCabbage wCarrot wOnion wPeas wWheat wRye wBarley wOat</harvest>
		<end></end>
	</day>
	<day id="1">
		<sow>wCabbage wCarrot wOnion wPeas</sow>
		<grow>wPotato wFlax</grow>
		<harvest>wCabbage wCarrot wOnion wPeas</harvest>
		<end></end>
	</day>
	<day id="2">
		<sow>cPotato wCabbage wCarrot wOnion wPeas</sow>
		<grow>wPotato wFlax</grow>
		<harvest>cPotato wCabbage wCarrot wOnion wPeas</harvest>
		<end></end>
	</day>
	<day id="3">
		<sow>cCabbage cCarrot cOnion cPeas cPotato wCabbage wCarrot wOnion wPeas</sow>
		<grow>wPotato wFlax</grow>
		<harvest>cCabbage cCarrot cOnion cPeas cPotato wCabbage wCarrot wOnion wPeas</harvest>
		<end></end>
	</day>
	<day id="4">
		<sow>cPotato wCabbage wCarrot wOnion wPeas cCabbage cCarrot cOnion cPeas</sow>
		<grow>wPotato</grow>
		<harvest>cPotato wCabbage wCarrot wOnion wPeas cCabbage cCarrot cOnion cPeas</harvest>
		<end>wWheat wRye wBarley wOat</end>
	</day>
	<day id="5">
		<sow>wFlax cPotato cCabbage cCarrot cOnion cPeas</sow>
		<grow>wPotato</grow>
		<harvest>wFlax cPotato cCabbage cCarrot cOnion cPeas</harvest>
		<end></end>
	</day>
	<day id="6">
		<sow>cPotato cCabbage cCarrot cOnion cPeas wFlax</sow>
		<grow>wPotato</grow>
		<harvest>cPotato cCabbage cCarrot cOnion cPeas wFlax</harvest>
		<end>cWheat cRye cBarley cOat</end>
	</day>
	<day id="7">
		<sow>cPotato cCabbage cCarrot cOnion cPeas wFlax wGrapes cGrapes</sow>
		<grow>wCabbage wCarrot wOnion wPeas</grow>
		<harvest>cPotato cCabbage cCarrot cOnion cPeas wFlax</harvest>
		<end></end>
	</day>
	<day id="8">
		<sow>wPotato wFlax wGrapes cGrapes</sow>
		<grow>wCabbage wCarrot wOnion wPeas</grow>
		<harvest>wPotato wFlax</harvest>
		<end></end>
	</day>
	<day id="9">
		<sow>wPotato wFlax wGrapes cGrapes</sow>
		<grow>wWheat wRye wBarley wOat wCabbage wCarrot wOnion wPeas</grow>
		<harvest>wPotato wFlax</harvest>
		<end></end>
	</day>
	<day id="10">
		<sow>cWheat cRye cBarley cOat wPotato wFlax wGrapes cGrapes</sow>
		<grow>wCabbage wCarrot wOnion wPeas wWheat wRye wBarley wOat</grow>
		<harvest>cWheat cRye cBarley cOat wPotato wFlax</harvest>
		<end></end>
	</day>
	<day id="11">
		<sow>wPotato cWheat cRye cBarley cOat wGrapes cGrapes</sow>
		<grow>wCabbage wCarrot wOnion wPeas wWheat wRye wBarley wOat</grow>
		<harvest>wPotato cWheat cRye cBarley cOat</harvest>
		<end>wFlax</end>
	</day>
	<day id="12">
		<sow>wPotato cWheat cRye cBarley cOat wGrapes cGrapes</sow>
		<grow>wFlax wWheat wRye wBarley wOat</grow>
		<harvest>wPotato cWheat cRye cBarley cOat</harvest>
		<end></end>
	</day>
	<day id="13">
		<sow>wCabbage wCarrot wOnion wPeas cWheat cRye cBarley cOat wGrapes cGrapes</sow>
		<grow>wWheat wRye wBarley wOat wFlax</grow>
		<harvest>wCabbage wCarrot wOnion wPeas cWheat cRye cBarley cOat</harvest>
		<end></end>
	</day>
	<day id="14">
		<sow>wCabbage wCarrot wOnion wPeas cWheat cRye cBarley cOat wGrapes cGrapes</sow>
		<grow>wPotato wWheat wRye wBarley wOat wFlax</grow>
		<harvest>wCabbage wCarrot wOnion wPeas cWheat cRye cBarley cOat</harvest>
		<end></end>
	</day>
	<day id="15">
		<sow>wCabbage wCarrot wOnion wPeas wGrapes cGrapes</sow>
		<grow>cPotato wPotato wFlax</grow>
		<harvest>wCabbage wCarrot wOnion wPeas</harvest>
		<end></end>
	</day>
	<day id="16">
		<sow>cFlax wCabbage wCarrot wOnion wPeas wGrapes cGrapes</sow>
		<grow>wPotato cPotato wFlax</grow>
		<harvest>cFlax wCabbage wCarrot wOnion wPeas</harvest>
		<end></end>
	</day>
	<day id="17">
		<sow>wCabbage wCarrot wOnion wPeas cFlax wGrapes cGrapes</sow>
		<grow>wPotato cPotato</grow>
		<harvest>wCabbage wCarrot wOnion wPeas cFlax</harvest>
		<end>wPotato</end>
	</day>
	<day id="18">
		<sow>wFlax cFlax wGrapes cGrapes</sow>
		<grow>wPotato cPotato</grow>
		<harvest>wFlax cFlax</harvest>
		<end></end>
	</day>
	<day id="19">
		<sow>wFlax cFlax wGrapes cGrapes</sow>
		<grow>wPotato cPotato</grow>
		<harvest>wFlax cFlax</harvest>
		<end>cCabbage cCarrot cOnion cPeas</end>
	</day>
	<day id="20">
		<sow>wFlax cFlax</sow>
		<grow>wCabbage wCarrot wOnion wPeas</grow>
		<harvest>wFlax cFlax</harvest>
		<end></end>
	</day>
	<day id="21">
		<sow>wPotato wFlax cFlax</sow>
		<grow>wCabbage wCarrot wOnion wPeas</grow>
		<harvest>wPotato wFlax cFlax</harvest>
		<end></end>
	</day>
	<day id="22">
		<sow>wWheat wRye wBarley wOat wPotato wFlax cFlax</sow>
		<grow>wCabbage wCarrot wOnion wPeas</grow>
		<harvest>wWheat wRye wBarley wOat wPotato wFlax cFlax</harvest>
		<end></end>
	</day>
	<day id="23">
		<sow>wPotato wWheat wRye wBarley wOat wFlax cFlax</sow>
		<grow>wCabbage wCarrot wOnion wPeas</grow>
		<harvest>wPotato wWheat wRye wBarley wOat wFlax cFlax</harvest>
		<end>cPotato</end>
	</day>
	<day id="24">
		<sow>wPotato wWheat wRye wBarley wOat cFlax</sow>
		<grow>wCabbage wCarrot wOnion wPeas</grow>
		<harvest>wPotato wWheat wRye wBarley wOat cFlax</harvest>
		<end>wCabbage wCarrot wOnion wPeas</end>
	</day>
	<day id="25">
		<sow>wPotato wWheat wRye wBarley wOat cFlax</sow>
		<grow>wFlax</grow>
		<harvest>wPotato wWheat wRye wBarley wOat cFlax</harvest>
		<end></end>
	</day>
	<day id="26">
		<sow>wCabbage wCarrot wOnion wPeas wWheat wRye wBarley wOat</sow>
		<grow>wFlax</grow>
		<harvest>wCabbage wCarrot wOnion wPeas wWheat wRye wBarley wOat</harvest>
		<end></end>
	</day>
	<day id="27">
		<sow>wCabbage wCarrot wOnion wPeas</sow>
		<grow>wPotato wFlax</grow>
		<harvest>wCabbage wCarrot wOnion wPeas</harvest>
		<end></end>
	</day>
	<day id="28">
		<sow>cPotato wCabbage wCarrot wOnion wPeas</sow>
		<grow>wPotato wFlax</grow>
		<harvest>cPotato wCabbage wCarrot wOnion wPeas</harvest>
		<end></end>
	</day>
	<day id="29">
		<sow>cPotato wCabbage wCarrot wOnion wPeas</sow>
		<grow>cCabbage cCarrot cOnion cPeas wPotato wFlax</grow>
		<harvest>cPotato wCabbage wCarrot wOnion wPeas</harvest>
		<end></end>
	</day>
	<day id="30">
		<sow>cPotato wCabbage wCarrot wOnion wPeas</sow>
		<grow>wPotato cCabbage cCarrot cOnion cPeas</grow>
		<harvest>cPotato wCabbage wCarrot wOnion wPeas</harvest>
		<end>wWheat wRye wBarley wOat</end>
	</day>
	<day id="31">
		<sow>wFlax cPotato</sow>
		<grow>wPotato cCabbage cCarrot cOnion cPeas</grow>
		<harvest>wFlax cPotato</harvest>
		<end></end>
	</day>
	<day id="32">
		<sow>cPotato wFlax</sow>
		<grow>wPotato cCabbage cCarrot cOnion cPeas</grow>
		<harvest>cPotato wFlax</harvest>
		<end>cFlax</end>
	</day>
	<day id="33">
		<sow>cPotato wFlax</sow>
		<grow>wCabbage wCarrot wOnion wPeas cCabbage cCarrot cOnion cPeas</grow>
		<harvest>cPotato wFlax</harvest>
		<end></end>
	</day>
	<day id="34">
		<sow>wPotato wFlax</sow>
		<grow>wCabbage wCarrot wOnion wPeas</grow>
		<harvest>wPotato wFlax</harvest>
		<end></end>
	</day>
	<day id="35">
		<sow>wPotato wFlax</sow>
		<grow>wWheat wRye wBarley wOat wCabbage wCarrot wOnion wPeas</grow>
		<harvest>wPotato wFlax</harvest>
		<end></end>
	</day>
	<day id="36">
		<sow>wPotato wFlax</sow>
		<grow>cWheat cRye cBarley cOat wCabbage wCarrot wOnion wPeas wWheat wRye wBarley wOat</grow>
		<harvest>wPotato wFlax</harvest>
		<end></end>
	</day>
	<day id="37">
		<sow>wPotato</sow>
		<grow>wCabbage wCarrot wOnion wPeas wWheat wRye wBarley wOat cWheat cRye cBarley cOat</grow>
		<harvest>wPotato</harvest>
		<end>wFlax</end>
	</day>
	<day id="38">
		<sow>wPotato</sow>
		<grow>wFlax wWheat wRye wBarley wOat cWheat cRye cBarley cOat</grow>
		<harvest>wPotato</harvest>
		<end></end>
	</day>
	<day id="39">
		<sow>wCabbage wCarrot wOnion wPeas</sow>
		<grow>wWheat wRye wBarley wOat cWheat cRye cBarley cOat wFlax</grow>
		<harvest>wCabbage wCarrot wOnion wPeas</harvest>
		<end></end>
	</day>
	<day id="40">
		<sow>wCabbage wCarrot wOnion wPeas</sow>
		<grow>wPotato wWheat wRye wBarley wOat cWheat cRye cBarley cOat wFlax</grow>
		<harvest>wCabbage wCarrot wOnion wPeas</harvest>
		<end></end>
	</day>
	<day id="41">
		<sow>wCabbage wCarrot wOnion wPeas</sow>
		<grow>cPotato wPotato wFlax</grow>
		<harvest>wCabbage wCarrot wOnion wPeas</harvest>
		<end></end>
	</day>
	<day id="42">
		<sow>wCabbage wCarrot wOnion wPeas</sow>
		<grow>cFlax wPotato cPotato wFlax</grow>
		<harvest>wCabbage wCarrot wOnion wPeas</harvest>
		<end></end>
	</day>
	<day id="43">
		<sow>wCabbage wCarrot wOnion wPeas</sow>
		<grow>wPotato cPotato cFlax</grow>
		<harvest>wCabbage wCarrot wOnion wPeas</harvest>
		<end>wPotato</end>
	</day>
	<day id="44">
		<sow>wFlax</sow>
		<grow>wPotato cPotato cFlax</grow>
		<harvest>wFlax</harvest>
		<end></end>
	</day>
	<day id="45">
		<sow>wFlax</sow>
		<grow>wGrapes cGrapes wPotato cPotato cFlax</grow>
		<harvest>wFlax</harvest>
		<end></end>
	</day>
	<day id="46">
		<sow>wFlax</sow>
		<grow>wCabbage wCarrot wOnion wPeas cFlax wGrapes cGrapes</grow>
		<harvest>wFlax</harvest>
		<end></end>
	</day>
	<day id="47">
		<sow>wPotato wFlax</sow>
		<grow>wCabbage wCarrot wOnion wPeas wGrapes cGrapes</grow>
		<harvest>wPotato wFlax</harvest>
		<end></end>
	</day>
	<day id="48">
		<sow>wWheat wRye wBarley wOat wPotato wFlax</sow>
		<grow>wCabbage wCarrot wOnion wPeas wGrapes cGrapes</grow>
		<harvest>wWheat wRye wBarley wOat wPotato wFlax</harvest>
		<end></end>
	</day>
	<day id="49">
		<sow>wPotato wWheat wRye wBarley wOat wFlax</sow>
		<grow>wCabbage wCarrot wOnion wPeas wGrapes cGrapes</grow>
		<harvest>wPotato wWheat wRye wBarley wOat wFlax</harvest>
		<end>cPotato</end>
	</day>
	<day id="50">
		<sow>wPotato wWheat wRye wBarley wOat</sow>
		<grow>wCabbage wCarrot wOnion wPeas wGrapes cGrapes</grow>
		<harvest>wPotato wWheat wRye wBarley wOat</harvest>
		<end>wCabbage wCarrot wOnion wPeas</end>
	</day>
	<day id="51">
		<sow>wPotato wWheat wRye wBarley wOat</sow>
		<grow>wFlax wGrapes cGrapes</grow>
		<harvest>wPotato wWheat wRye wBarley wOat</harvest>
		<end></end>
	</day>
	<day id="52">
		<sow>wCabbage wCarrot wOnion wPeas wWheat wRye wBarley wOat</sow>
		<grow>wFlax wGrapes cGrapes</grow>
		<harvest>wCabbage wCarrot wOnion wPeas wWheat wRye wBarley wOat</harvest>
		<end></end>
	</day>
	<day id="53">
		<sow>wCabbage wCarrot wOnion wPeas</sow>
		<grow>wPotato wFlax</grow>
		<harvest>wCabbage wCarrot wOnion wPeas</harvest>
		<end></end>
	</day>
	<day id="54">
		<sow>cPotato wCabbage wCarrot wOnion wPeas</sow>
		<grow>wPotato wFlax</grow>
		<harvest>cPotato wCabbage wCarrot wOnion wPeas</harvest>
		<end></end>
	</day>
	<day id="55">
		<sow>cCabbage cCarrot cOnion cPeas cPotato wCabbage wCarrot wOnion wPeas</sow>
		<grow>wPotato wFlax</grow>
		<harvest>cCabbage cCarrot cOnion cPeas cPotato wCabbage wCarrot wOnion wPeas</harvest>
		<end></end>
	</day>
	<day id="56">
		<sow>cPotato wCabbage wCarrot wOnion wPeas cCabbage cCarrot cOnion cPeas</sow>
		<grow>wPotato</grow>
		<harvest>cPotato wCabbage wCarrot wOnion wPeas cCabbage cCarrot cOnion cPeas</harvest>
		<end>wWheat wRye wBarley wOat</end>
	</day>
	<day id="57">
		<sow>wFlax cPotato cCabbage cCarrot cOnion cPeas</sow>
		<grow>wPotato</grow>
		<harvest>wFlax cPotato cCabbage cCarrot cOnion cPeas</harvest>
		<end></end>
	</day>
	<day id="58">
		<sow>cPotato cCabbage cCarrot cOnion cPeas wFlax</sow>
		<grow>wPotato</grow>
		<harvest>cPotato cCabbage cCarrot cOnion cPeas wFlax</harvest>
		<end>cWheat cRye cBarley cOat</end>
	</day>
	<day id="59">
		<sow>cPotato cCabbage cCarrot cOnion cPeas wFlax</sow>
		<grow>wCabbage wCarrot wOnion wPeas</grow>
		<harvest>cPotato cCabbage cCarrot cOnion cPeas wFlax</harvest>
		<end></end>
	</day>
	<day id="60">
		<sow>wPotato wFlax</sow>
		<grow>wCabbage wCarrot wOnion wPeas</grow>
		<harvest>wPotato wFlax</harvest>
		<end></end>
	</day>
	<day id="61">
		<sow>wPotato wFlax</sow>
		<grow>wWheat wRye wBarley wOat wCabbage wCarrot wOnion wPeas</grow>
		<harvest>wPotato wFlax</harvest>
		<end></end>
	</day>
	<day id="62">
		<sow>cWheat cRye cBarley cOat wPotato wFlax</sow>
		<grow>wCabbage wCarrot wOnion wPeas wWheat wRye wBarley wOat</grow>
		<harvest>cWheat cRye cBarley cOat wPotato wFlax</harvest>
		<end></end>
	</day>
	<day id="63">
		<sow>wPotato cWheat cRye cBarley cOat</sow>
		<grow>wCabbage wCarrot wOnion wPeas wWheat wRye wBarley wOat</grow>
		<harvest>wPotato cWheat cRye cBarley cOat</harvest>
		<end>wFlax</end>
	</day>
	<day id="64">
		<sow>wPotato cWheat cRye cBarley cOat</sow>
		<grow>wFlax wWheat wRye wBarley wOat</grow>
		<harvest>wPotato cWheat cRye cBarley cOat</harvest>
		<end></end>
	</day>
	<day id="65">
		<sow>wCabbage wCarrot wOnion wPeas cWheat cRye cBarley cOat</sow>
		<grow>wWheat wRye wBarley wOat wFlax</grow>
		<harvest>wCabbage wCarrot wOnion wPeas cWheat cRye cBarley cOat</harvest>
		<end></end>
	</day>
	<day id="66">
		<sow>wCabbage wCarrot wOnion wPeas cWheat cRye cBarley cOat</sow>
		<grow>wPotato wWheat wRye wBarley wOat wFlax</grow>
		<harvest>wCabbage wCarrot wOnion wPeas cWheat cRye cBarley cOat</harvest>
		<end></end>
	</day>
	<day id="67">
		<sow>wCabbage wCarrot wOnion wPeas</sow>
		<grow>cPotato wPotato wFlax</grow>
		<harvest>wCabbage wCarrot wOnion wPeas</harvest>
		<end></end>
	</day>
	<day id="68">
		<sow>cFlax wCabbage wCarrot wOnion wPeas</sow>
		<grow>wPotato cPotato wFlax</grow>
		<harvest>cFlax wCabbage wCarrot wOnion wPeas</harvest>
		<end></end>
	</day>
	<day id="69">
		<sow>wCabbage wCarrot wOnion wPeas cFlax</sow>
		<grow>wPotato cPotato</grow>
		<harvest>wCabbage wCarrot wOnion wPeas cFlax</harvest>
		<end>wPotato</end>
	</day>
	<day id="70">
		<sow>wFlax cFlax</sow>
		<grow>wPotato cPotato</grow>
		<harvest>wFlax cFlax</harvest>
		<end></end>
	</day>
	<day id="71">
		<sow>wFlax cFlax</sow>
		<grow>wPotato cPotato</grow>
		<harvest>wFlax cFlax</harvest>
		<end>cCabbage cCarrot cOnion cPeas</end>
	</day>
	<day id="72">
		<sow>wFlax cFlax</sow>
		<grow>wCabbage wCarrot wOnion wPeas</grow>
		<harvest>wFlax cFlax</harvest>
		<end></end>
	</day>
	<day id="73">
		<sow>wPotato wFlax cFlax</sow>
		<grow>wCabbage wCarrot wOnion wPeas</grow>
		<harvest>wPotato wFlax cFlax</harvest>
		<end></end>
	</day>
	<day id="74">
		<sow>wWheat wRye wBarley wOat wPotato wFlax cFlax</sow>
		<grow>wCabbage wCarrot wOnion wPeas</grow>
		<harvest>wWheat wRye wBarley wOat wPotato wFlax cFlax</harvest>
		<end></end>
	</day>
	<day id="75">
		<sow>wPotato wWheat wRye wBarley wOat wFlax cFlax</sow>
		<grow>wCabbage wCarrot wOnion wPeas</grow>
		<harvest>wPotato wWheat wRye wBarley wOat wFlax cFlax</harvest>
		<end>cPotato</end>
	</day>
	<day id="76">
		<sow>wPotato wWheat wRye wBarley wOat cFlax</sow>
		<grow>wCabbage wCarrot wOnion wPeas</grow>
		<harvest>wPotato wWheat wRye wBarley wOat cFlax</harvest>
		<end>wCabbage wCarrot wOnion wPeas</end>
	</day>
	<day id="77">
		<sow>wPotato wWheat wRye wBarley wOat cFlax</sow>
		<grow>wFlax</grow>
		<harvest>wPotato wWheat wRye wBarley wOat cFlax</harvest>
		<end></end>
	</day>
	<day id="78">
		<sow>wCabbage wCarrot wOnion wPeas wWheat wRye wBarley wOat</sow>
		<grow>wFlax</grow>
		<harvest>wCabbage wCarrot wOnion wPeas wWheat wRye wBarley wOat</harvest>
		<end></end>
	</day>
	<day id="79">
		<sow>wCabbage wCarrot wOnion wPeas</sow>
		<grow>wPotato wFlax</grow>
		<harvest>wCabbage wCarrot wOnion wPeas</harvest>
		<end></end>
	</day>
	<day id="80">
		<sow>cPotato wCabbage wCarrot wOnion wPeas</sow>
		<grow>wPotato wFlax</grow>
		<harvest>cPotato wCabbage wCarrot wOnion wPeas</harvest>
		<end></end>
	</day>
	<day id="81">
		<sow>cPotato wCabbage wCarrot wOnion wPeas</sow>
		<grow>cCabbage cCarrot cOnion cPeas wPotato wFlax</grow>
		<harvest>cPotato wCabbage wCarrot wOnion wPeas</harvest>
		<end></end>
	</day>
	<day id="82">
		<sow>cPotato wCabbage wCarrot wOnion wPeas</sow>
		<grow>wPotato cCabbage cCarrot cOnion cPeas</grow>
		<harvest>cPotato wCabbage wCarrot wOnion wPeas</harvest>
		<end>wWheat wRye wBarley wOat</end>
	</day>
	<day id="83">
		<sow>wFlax cPotato</sow>
		<grow>wPotato cCabbage cCarrot cOnion cPeas</grow>
		<harvest>wFlax cPotato</harvest>
		<end></end>
	</day>
	<day id="84">
		<sow>cPotato wFlax</sow>
		<grow>wPotato cCabbage cCarrot cOnion cPeas</grow>
		<harvest>cPotato wFlax</harvest>
		<end>cFlax</end>
	</day>
	<day id="85">
		<sow>cPotato wFlax</sow>
		<grow>wCabbage wCarrot wOnion wPeas cCabbage cCarrot cOnion cPeas</grow>
		<harvest>cPotato wFlax</harvest>
		<end></end>
	</day>
	<day id="86">
		<sow>wPotato wFlax</sow>
		<grow>wCabbage wCarrot wOnion wPeas</grow>
		<harvest>wPotato wFlax</harvest>
		<end></end>
	</day>
	<day id="87">
		<sow>wPotato wFlax</sow>
		<grow>wWheat wRye wBarley wOat wCabbage wCarrot wOnion wPeas</grow>
		<harvest>wPotato wFlax</harvest>
		<end></end>
	</day>
	<day id="88">
		<sow>wPotato wFlax</sow>
		<grow>cWheat cRye cBarley cOat wCabbage wCarrot wOnion wPeas wWheat wRye wBarley wOat</grow>
		<harvest>wPotato wFlax</harvest>
		<end></end>
	</day>
	<day id="89">
		<sow>wPotato</sow>
		<grow>wCabbage wCarrot wOnion wPeas wWheat wRye wBarley wOat cWheat cRye cBarley cOat</grow>
		<harvest>wPotato</harvest>
		<end>wFlax</end>
	</day>
	<day id="90">
		<sow>wPotato</sow>
		<grow>wFlax wWheat wRye wBarley wOat cWheat cRye cBarley cOat</grow>
		<harvest>wPotato</harvest>
		<end></end>
	</day>
	<day id="91">
		<sow>wCabbage wCarrot wOnion wPeas</sow>
		<grow>wWheat wRye wBarley wOat cWheat cRye cBarley cOat wFlax</grow>
		<harvest>wCabbage wCarrot wOnion wPeas</harvest>
		<end></end>
	</day>
	<day id="92">
		<sow>wCabbage wCarrot wOnion wPeas</sow>
		<grow>wPotato wWheat wRye wBarley wOat cWheat cRye cBarley cOat wFlax</grow>
		<harvest>wCabbage wCarrot wOnion wPeas</harvest>
		<end></end>
	</day>
	<day id="93">
		<sow>wCabbage wCarrot wOnion wPeas</sow>
		<grow>cPotato wPotato wFlax</grow>
		<harvest>wCabbage wCarrot wOnion wPeas</harvest>
		<end></end>
	</day>
	<day id="94">
		<sow>wCabbage wCarrot wOnion wPeas</sow>
		<grow>cFlax wPotato cPotato wFlax</grow>
		<harvest>wCabbage wCarrot wOnion wPeas</harvest>
		<end></end>
	</day>
	<day id="95">
		<sow>wCabbage wCarrot wOnion wPeas</sow>
		<grow>wPotato cPotato cFlax</grow>
		<harvest>wCabbage wCarrot wOnion wPeas</harvest>
		<end>wPotato</end>
	</day>
	<day id="96">
		<sow>wFlax</sow>
		<grow>wPotato cPotato cFlax</grow>
		<harvest>wFlax</harvest>
		<end></end>
	</day>
	<day id="97">
		<sow>wFlax</sow>
		<grow>wPotato cPotato cFlax</grow>
		<harvest>wFlax wGrapes cGrapes</harvest>
		<end></end>
	</day>
	<day id="98">
		<sow>wFlax</sow>
		<grow>wCabbage wCarrot wOnion wPeas cFlax</grow>
		<harvest>wFlax wGrapes cGrapes</harvest>
		<end></end>
	</day>
	<day id="99">
		<sow>wPotato wFlax</sow>
		<grow>wCabbage wCarrot wOnion wPeas</grow>
		<harvest>wPotato wFlax wGrapes cGrapes</harvest>
		<end></end>
	</day>
	<day id="100">
		<sow>wWheat wRye wBarley wOat wPotato wFlax</sow>
		<grow>wCabbage wCarrot wOnion wPeas</grow>
		<harvest>wWheat wRye wBarley wOat wPotato wFlax wGrapes cGrapes</harvest>
		<end></end>
	</day>
	<day id="101">
		<sow>wPotato wWheat wRye wBarley wOat wFlax</sow>
		<grow>wCabbage wCarrot wOnion wPeas</grow>
		<harvest>wPotato wWheat wRye wBarley wOat wFlax wGrapes cGrapes</harvest>
		<end>cPotato</end>
	</day>
	<day id="102">
		<sow>wPotato wWheat wRye wBarley wOat</sow>
		<grow>wCabbage wCarrot wOnion wPeas</grow>
		<harvest>wPotato wWheat wRye wBarley wOat wGrapes cGrapes</harvest>
		<end>wCabbage wCarrot wOnion wPeas</end>
	</day>
	<day id="103">
		<sow>wPotato wWheat wRye wBarley wOat</sow>
		<grow>wFlax</grow>
		<harvest>wPotato wWheat wRye wBarley wOat wGrapes cGrapes</harvest>
		<end></end>
	</day>
	<day id="104">
		<sow>wCabbage wCarrot wOnion wPeas wWheat wRye wBarley wOat</sow>
		<grow>wFlax</grow>
		<harvest>wCabbage wCarrot wOnion wPeas wWheat wRye wBarley wOat wGrapes cGrapes</harvest>
		<end></end>
	</day>
	<day id="105">
		<sow>wCabbage wCarrot wOnion wPeas</sow>
		<grow>wPotato wFlax</grow>
		<harvest>wCabbage wCarrot wOnion wPeas wGrapes cGrapes</harvest>
		<end></end>
	</day>
	<day id="106">
		<sow>cPotato wCabbage wCarrot wOnion wPeas</sow>
		<grow>wPotato wFlax</grow>
		<harvest>cPotato wCabbage wCarrot wOnion wPeas wGrapes cGrapes</harvest>
		<end></end>
	</day>
	<day id="107">
		<sow>cCabbage cCarrot cOnion cPeas cPotato wCabbage wCarrot wOnion wPeas</sow>
		<grow>wPotato wFlax</grow>
		<harvest>cCabbage cCarrot cOnion cPeas cPotato wCabbage wCarrot wOnion wPeas</harvest>
		<end></end>
	</day>
	<day id="108">
		<sow>cPotato wCabbage wCarrot wOnion wPeas cCabbage cCarrot cOnion cPeas</sow>
		<grow>wPotato</grow>
		<harvest>cPotato wCabbage wCarrot wOnion wPeas cCabbage cCarrot cOnion cPeas</harvest>
		<end>wWheat wRye wBarley wOat</end>
	</day>
	<day id="109">
		<sow>wFlax cPotato cCabbage cCarrot cOnion cPeas</sow>
		<grow>wPotato</grow>
		<harvest>wFlax cPotato cCabbage cCarrot cOnion cPeas</harvest>
		<end></end>
	</day>
	<day id="110">
		<sow>cPotato cCabbage cCarrot cOnion cPeas wFlax</sow>
		<grow>wPotato</grow>
		<harvest>cPotato cCabbage cCarrot cOnion cPeas wFlax</harvest>
		<end>cWheat cRye cBarley cOat</end>
	</day>
	<day id="111">
		<sow>cPotato cCabbage cCarrot cOnion cPeas wFlax</sow>
		<grow>wCabbage wCarrot wOnion wPeas</grow>
		<harvest>cPotato cCabbage cCarrot cOnion cPeas wFlax</harvest>
		<end></end>
	</day>
	<day id="112">
		<sow>wPotato wFlax</sow>
		<grow>wCabbage wCarrot wOnion wPeas</grow>
		<harvest>wPotato wFlax</harvest>
		<end></end>
	</day>
	<day id="113">
		<sow>wPotato wFlax</sow>
		<grow>wWheat wRye wBarley wOat wCabbage wCarrot wOnion wPeas</grow>
		<harvest>wPotato wFlax</harvest>
		<end></end>
	</day>
	<day id="114">
		<sow>cWheat cRye cBarley cOat wPotato wFlax</sow>
		<grow>wCabbage wCarrot wOnion wPeas wWheat wRye wBarley wOat</grow>
		<harvest>cWheat cRye cBarley cOat wPotato wFlax</harvest>
		<end></end>
	</day>
	<day id="115">
		<sow>wPotato cWheat cRye cBarley cOat</sow>
		<grow>wCabbage wCarrot wOnion wPeas wWheat wRye wBarley wOat</grow>
		<harvest>wPotato cWheat cRye cBarley cOat</harvest>
		<end>wFlax</end>
	</day>
	<day id="116">
		<sow>wPotato cWheat cRye cBarley cOat</sow>
		<grow>wFlax wWheat wRye wBarley wOat</grow>
		<harvest>wPotato cWheat cRye cBarley cOat</harvest>
		<end></end>
	</day>
	<day id="117">
		<sow>wCabbage wCarrot wOnion wPeas cWheat cRye cBarley cOat</sow>
		<grow>wWheat wRye wBarley wOat wFlax</grow>
		<harvest>wCabbage wCarrot wOnion wPeas cWheat cRye cBarley cOat</harvest>
		<end></end>
	</day>
	<day id="118">
		<sow>wCabbage wCarrot wOnion wPeas cWheat cRye cBarley cOat</sow>
		<grow>wPotato wWheat wRye wBarley wOat wFlax</grow>
		<harvest>wCabbage wCarrot wOnion wPeas cWheat cRye cBarley cOat</harvest>
		<end></end>
	</day>
	<day id="119">
		<sow>wCabbage wCarrot wOnion wPeas</sow>
		<grow>cPotato wPotato wFlax</grow>
		<harvest>wCabbage wCarrot wOnion wPeas</harvest>
		<end></end>
	</day>
	<day id="120">
		<sow>cFlax wCabbage wCarrot wOnion wPeas</sow>
		<grow>wPotato cPotato wFlax</grow>
		<harvest>cFlax wCabbage wCarrot wOnion wPeas</harvest>
		<end></end>
	</day>
	<day id="121">
		<sow>wCabbage wCarrot wOnion wPeas cFlax</sow>
		<grow>wPotato cPotato</grow>
		<harvest>wCabbage wCarrot wOnion wPeas cFlax</harvest>
		<end>wPotato</end>
	</day>
	<day id="122">
		<sow>wFlax cFlax</sow>
		<grow>wPotato cPotato</grow>
		<harvest>wFlax cFlax</harvest>
		<end></end>
	</day>
	<day id="123">
		<sow>wFlax cFlax</sow>
		<grow>wPotato cPotato</grow>
		<harvest>wFlax cFlax</harvest>
		<end>cCabbage cCarrot cOnion cPeas</end>
	</day>
	<day id="124">
		<sow>wFlax cFlax</sow>
		<grow>wCabbage wCarrot wOnion wPeas</grow>
		<harvest>wFlax cFlax</harvest>
		<end></end>
	</day>
	<day id="125">
		<sow>wPotato wFlax cFlax</sow>
		<grow>wCabbage wCarrot wOnion wPeas</grow>
		<harvest>wPotato wFlax cFlax</harvest>
		<end></end>
	</day>
	<day id="126">
		<sow>wWheat wRye wBarley wOat wPotato wFlax cFlax</sow>
		<grow>wCabbage wCarrot wOnion wPeas</grow>
		<harvest>wWheat wRye wBarley wOat wPotato wFlax cFlax</harvest>
		<end></end>
	</day>
	<day id="127">
		<sow>wPotato wWheat wRye wBarley wOat wFlax cFlax</sow>
		<grow>wCabbage wCarrot wOnion wPeas</grow>
		<harvest>wPotato wWheat wRye wBarley wOat wFlax cFlax</harvest>
		<end>cPotato</end>
	</day>
	<day id="128">
		<sow>wPotato wWheat wRye wBarley wOat cFlax</sow>
		<grow>wCabbage wCarrot wOnion wPeas</grow>
		<harvest>wPotato wWheat wRye wBarley wOat cFlax</harvest>
		<end>wCabbage wCarrot wOnion wPeas</end>
	</day>
	<day id="129">
		<sow>wPotato wWheat wRye wBarley wOat cFlax</sow>
		<grow>wFlax</grow>
		<harvest>wPotato wWheat wRye wBarley wOat cFlax</harvest>
		<end></end>
	</day>
	<day id="130">
		<sow>wCabbage wCarrot wOnion wPeas wWheat wRye wBarley wOat</sow>
		<grow>wFlax</grow>
		<harvest>wCabbage wCarrot wOnion wPeas wWheat wRye wBarley wOat</harvest>
		<end></end>
	</day>
	<day id="131">
		<sow>wCabbage wCarrot wOnion wPeas</sow>
		<grow>wPotato wFlax</grow>
		<harvest>wCabbage wCarrot wOnion wPeas</harvest>
		<end></end>
	</day>
	<day id="132">
		<sow>cPotato wCabbage wCarrot wOnion wPeas</sow>
		<grow>wPotato wFlax</grow>
		<harvest>cPotato wCabbage wCarrot wOnion wPeas</harvest>
		<end></end>
	</day>
	<day id="133">
		<sow>cPotato wCabbage wCarrot wOnion wPeas</sow>
		<grow>cCabbage cCarrot cOnion cPeas wPotato wFlax</grow>
		<harvest>cPotato wCabbage wCarrot wOnion wPeas</harvest>
		<end></end>
	</day>
	<day id="134">
		<sow>cPotato wCabbage wCarrot wOnion wPeas</sow>
		<grow>wPotato cCabbage cCarrot cOnion cPeas</grow>
		<harvest>cPotato wCabbage wCarrot wOnion wPeas</harvest>
		<end>wWheat wRye wBarley wOat</end>
	</day>
	<day id="135">
		<sow>wFlax cPotato</sow>
		<grow>wPotato cCabbage cCarrot cOnion cPeas</grow>
		<harvest>wFlax cPotato</harvest>
		<end></end>
	</day>
	<day id="136">
		<sow>cPotato wFlax</sow>
		<grow>wPotato cCabbage cCarrot cOnion cPeas</grow>
		<harvest>cPotato wFlax</harvest>
		<end>cFlax</end>
	</day>
	<day id="137">
		<sow>cPotato wFlax wGrapes cGrapes</sow>
		<grow>wCabbage wCarrot wOnion wPeas cCabbage cCarrot cOnion cPeas</grow>
		<harvest>cPotato wFlax</harvest>
		<end></end>
	</day>
	<day id="138">
		<sow>wPotato wFlax wGrapes cGrapes</sow>
		<grow>wCabbage wCarrot wOnion wPeas</grow>
		<harvest>wPotato wFlax</harvest>
		<end></end>
	</day>
	<day id="139">
		<sow>wPotato wFlax wGrapes cGrapes</sow>
		<grow>wWheat wRye wBarley wOat wCabbage wCarrot wOnion wPeas</grow>
		<harvest>wPotato wFlax</harvest>
		<end></end>
	</day>
	<day id="140">
		<sow>wPotato wFlax wGrapes cGrapes</sow>
		<grow>cWheat cRye cBarley cOat wCabbage wCarrot wOnion wPeas wWheat wRye wBarley wOat</grow>
		<harvest>wPotato wFlax</harvest>
		<end></end>
	</day>
	<day id="141">
		<sow>wPotato wGrapes cGrapes</sow>
		<grow>wCabbage wCarrot wOnion wPeas wWheat wRye wBarley wOat cWheat cRye cBarley cOat</grow>
		<harvest>wPotato</harvest>
		<end>wFlax</end>
	</day>
	<day id="142">
		<sow>wPotato wGrapes cGrapes</sow>
		<grow>wFlax wWheat wRye wBarley wOat cWheat cRye cBarley cOat</grow>
		<harvest>wPotato</harvest>
		<end></end>
	</day>
	<day id="143">
		<sow>wCabbage wCarrot wOnion wPeas wGrapes cGrapes</sow>
		<grow>wWheat wRye wBarley wOat cWheat cRye cBarley cOat wFlax</grow>
		<harvest>wCabbage wCarrot wOnion wPeas</harvest>
		<end></end>
	</day>
	<day id="144">
		<sow>wCabbage wCarrot wOnion wPeas wGrapes cGrapes</sow>
		<grow>wPotato wWheat wRye wBarley wOat cWheat cRye cBarley cOat wFlax</grow>
		<harvest>wCabbage wCarrot wOnion wPeas</harvest>
		<end></end>
	</day>
	<day id="145">
		<sow>wCabbage wCarrot wOnion wPeas wGrapes cGrapes</sow>
		<grow>cPotato wPotato wFlax</grow>
		<harvest>wCabbage wCarrot wOnion wPeas</harvest>
		<end></end>
	</day>
	<day id="146">
		<sow>wCabbage wCarrot wOnion wPeas wGrapes cGrapes</sow>
		<grow>cFlax wPotato cPotato wFlax</grow>
		<harvest>wCabbage wCarrot wOnion wPeas</harvest>
		<end></end>
	</day>
	<day id="147">
		<sow>wCabbage wCarrot wOnion wPeas wGrapes cGrapes</sow>
		<grow>wPotato cPotato cFlax</grow>
		<harvest>wCabbage wCarrot wOnion wPeas</harvest>
		<end>wPotato</end>
	</day>
	<day id="148">
		<sow>wFlax wGrapes cGrapes</sow>
		<grow>wPotato cPotato cFlax</grow>
		<harvest>wFlax</harvest>
		<end></end>
	</day>
	<day id="149">
		<sow>wFlax</sow>
		<grow>wPotato cPotato cFlax</grow>
		<harvest>wFlax</harvest>
		<end>wGrapes cGrapes</end>
	</day>
	<day id="150">
		<sow>wFlax</sow>
		<grow>wCabbage wCarrot wOnion wPeas cFlax</grow>
		<harvest>wFlax</harvest>
		<end></end>
	</day>
	<day id="151">
		<sow>wPotato wFlax</sow>
		<grow>wCabbage wCarrot wOnion wPeas</grow>
		<harvest>wPotato wFlax</harvest>
		<end></end>
	</day>
	<day id="152">
		<sow>wWheat wRye wBarley wOat wPotato wFlax</sow>
		<grow>wCabbage wCarrot wOnion wPeas</grow>
		<harvest>wWheat wRye wBarley wOat wPotato wFlax</harvest>
		<end></end>
	</day>
	<day id="153">
		<sow>wPotato wWheat wRye wBarley wOat wFlax</sow>
		<grow>wCabbage wCarrot wOnion wPeas</grow>
		<harvest>wPotato wWheat wRye wBarley wOat wFlax</harvest>
		<end>cPotato</end>
	</day>
	<day id="154">
		<sow>wPotato wWheat wRye wBarley wOat</sow>
		<grow>wCabbage wCarrot wOnion wPeas</grow>
		<harvest>wPotato wWheat wRye wBarley wOat</harvest>
		<end>wCabbage wCarrot wOnion wPeas</end>
	</day>
	<day id="155">
		<sow>wPotato wWheat wRye wBarley wOat</sow>
		<grow>wFlax</grow>
		<harvest>wPotato wWheat wRye wBarley wOat</harvest>
		<end></end>
	</day>
	<day id="156">
		<sow>wCabbage wCarrot wOnion wPeas wWheat wRye wBarley wOat</sow>
		<grow>wFlax</grow>
		<harvest>wCabbage wCarrot wOnion wPeas wWheat wRye wBarley wOat</harvest>
		<end></end>
	</day>
	<day id="157">
		<sow>wCabbage wCarrot wOnion wPeas</sow>
		<grow>wPotato wFlax</grow>
		<harvest>wCabbage wCarrot wOnion wPeas</harvest>
		<end></end>
	</day>
	<day id="158">
		<sow>cPotato wCabbage wCarrot wOnion wPeas</sow>
		<grow>wPotato wFlax</grow>
		<harvest>cPotato wCabbage wCarrot wOnion wPeas</harvest>
		<end></end>
	</day>
	<day id="159">
		<sow>cCabbage cCarrot cOnion cPeas cPotato wCabbage wCarrot wOnion wPeas</sow>
		<grow>wPotato wFlax</grow>
		<harvest>cCabbage cCarrot cOnion cPeas cPotato wCabbage wCarrot wOnion wPeas</harvest>
		<end></end>
	</day>
	<day id="160">
		<sow>cPotato wCabbage wCarrot wOnion wPeas cCabbage cCarrot cOnion cPeas</sow>
		<grow>wPotato</grow>
		<harvest>cPotato wCabbage wCarrot wOnion wPeas cCabbage cCarrot cOnion cPeas</harvest>
		<end>wWheat wRye wBarley wOat</end>
	</day>
	<day id="161">
		<sow>wFlax cPotato cCabbage cCarrot cOnion cPeas</sow>
		<grow>wPotato</grow>
		<harvest>wFlax cPotato cCabbage cCarrot cOnion cPeas</harvest>
		<end></end>
	</day>
	<day id="162">
		<sow>cPotato cCabbage cCarrot cOnion cPeas wFlax</sow>
		<grow>wPotato</grow>
		<harvest>cPotato cCabbage cCarrot cOnion cPeas wFlax</harvest>
		<end>cWheat cRye cBarley cOat</end>
	</day>
	<day id="163">
		<sow>cPotato cCabbage cCarrot cOnion cPeas wFlax</sow>
		<grow>wCabbage wCarrot wOnion wPeas</grow>
		<harvest>cPotato cCabbage cCarrot cOnion cPeas wFlax</harvest>
		<end></end>
	</day>
	<day id="164">
		<sow>wPotato wFlax</sow>
		<grow>wCabbage wCarrot wOnion wPeas</grow>
		<harvest>wPotato wFlax</harvest>
		<end></end>
	</day>
	<day id="165">
		<sow>wPotato wFlax</sow>
		<grow>wWheat wRye wBarley wOat wCabbage wCarrot wOnion wPeas</grow>
		<harvest>wPotato wFlax</harvest>
		<end></end>
	</day>
	<day id="166">
		<sow>cWheat cRye cBarley cOat wPotato wFlax</sow>
		<grow>wCabbage wCarrot wOnion wPeas wWheat wRye wBarley wOat</grow>
		<harvest>cWheat cRye cBarley cOat wPotato wFlax</harvest>
		<end></end>
	</day>
	<day id="167">
		<sow>wPotato cWheat cRye cBarley cOat</sow>
		<grow>wCabbage wCarrot wOnion wPeas wWheat wRye wBarley wOat</grow>
		<harvest>wPotato cWheat cRye cBarley cOat</harvest>
		<end>wFlax</end>
	</day>
	<day id="168">
		<sow>wPotato cWheat cRye cBarley cOat</sow>
		<grow>wFlax wWheat wRye wBarley wOat</grow>
		<harvest>wPotato cWheat cRye cBarley cOat</harvest>
		<end></end>
	</day>
	<day id="169">
		<sow>wCabbage wCarrot wOnion wPeas cWheat cRye cBarley cOat</sow>
		<grow>wWheat wRye wBarley wOat wFlax</grow>
		<harvest>wCabbage wCarrot wOnion wPeas cWheat cRye cBarley cOat</harvest>
		<end></end>
	</day>
	<day id="170">
		<sow>wCabbage wCarrot wOnion wPeas cWheat cRye cBarley cOat</sow>
		<grow>wPotato wWheat wRye wBarley wOat wFlax</grow>
		<harvest>wCabbage wCarrot wOnion wPeas cWheat cRye cBarley cOat</harvest>
		<end></end>
	</day>
	<day id="171">
		<sow>wCabbage wCarrot wOnion wPeas</sow>
		<grow>cPotato wPotato wFlax</grow>
		<harvest>wCabbage wCarrot wOnion wPeas</harvest>
		<end></end>
	</day>
	<day id="172">
		<sow>cFlax wCabbage wCarrot wOnion wPeas</sow>
		<grow>wPotato cPotato wFlax</grow>
		<harvest>cFlax wCabbage wCarrot wOnion wPeas</harvest>
		<end></end>
	</day>
	<day id="173">
		<sow>wCabbage wCarrot wOnion wPeas cFlax</sow>
		<grow>wPotato cPotato</grow>
		<harvest>wCabbage wCarrot wOnion wPeas cFlax</harvest>
		<end>wPotato</end>
	</day>
	<day id="174">
		<sow>wFlax cFlax</sow>
		<grow>wPotato cPotato</grow>
		<harvest>wFlax cFlax</harvest>
		<end></end>
	</day>
	<day id="175">
		<sow>wFlax cFlax</sow>
		<grow>wPotato cPotato</grow>
		<harvest>wFlax cFlax</harvest>
		<end>cCabbage cCarrot cOnion cPeas</end>
	</day>
	<day id="176">
		<sow>wFlax cFlax</sow>
		<grow>wCabbage wCarrot wOnion wPeas</grow>
		<harvest>wFlax cFlax</harvest>
		<end></end>
	</day>
	<day id="177">
		<sow>wPotato wFlax cFlax</sow>
		<grow>wCabbage wCarrot wOnion wPeas</grow>
		<harvest>wPotato wFlax cFlax</harvest>
		<end></end>
	</day>
	<day id="178">
		<sow>wWheat wRye wBarley wOat wPotato wFlax cFlax</sow>
		<grow>wCabbage wCarrot wOnion wPeas</grow>
		<harvest>wWheat wRye wBarley wOat wPotato wFlax cFlax</harvest>
		<end></end>
	</day>
	<day id="179">
		<sow>wPotato wWheat wRye wBarley wOat wFlax cFlax</sow>
		<grow>wCabbage wCarrot wOnion wPeas</grow>
		<harvest>wPotato wWheat wRye wBarley wOat wFlax cFlax</harvest>
		<end>cPotato</end>
	</day>
	<day id="180">
		<sow>wPotato wWheat wRye wBarley wOat cFlax</sow>
		<grow>wCabbage wCarrot wOnion wPeas</grow>
		<harvest>wPotato wWheat wRye wBarley wOat cFlax</harvest>
		<end>wCabbage wCarrot wOnion wPeas</end>
	</day>
	<day id="181">
		<sow>wPotato wWheat wRye wBarley wOat cFlax</sow>
		<grow>wFlax</grow>
		<harvest>wPotato wWheat wRye wBarley wOat cFlax</harvest>
		<end></end>
	</day>
	<day id="182">
		<sow>wCabbage wCarrot wOnion wPeas wWheat wRye wBarley wOat</sow>
		<grow>wFlax</grow>
		<harvest>wCabbage wCarrot wOnion wPeas wWheat wRye wBarley wOat</harvest>
		<end></end>
	</day>
	<day id="183">
		<sow>wCabbage wCarrot wOnion wPeas</sow>
		<grow>wPotato wFlax</grow>
		<harvest>wCabbage wCarrot wOnion wPeas</harvest>
		<end></end>
	</day>
	<day id="184">
		<sow>cPotato wCabbage wCarrot wOnion wPeas</sow>
		<grow>wPotato wFlax</grow>
		<harvest>cPotato wCabbage wCarrot wOnion wPeas</harvest>
		<end></end>
	</day>
	<day id="185">
		<sow>cPotato wCabbage wCarrot wOnion wPeas</sow>
		<grow>cCabbage cCarrot cOnion cPeas wPotato wFlax</grow>
		<harvest>cPotato wCabbage wCarrot wOnion wPeas</harvest>
		<end></end>
	</day>
	<day id="186">
		<sow>cPotato wCabbage wCarrot wOnion wPeas</sow>
		<grow>wPotato cCabbage cCarrot cOnion cPeas</grow>
		<harvest>cPotato wCabbage wCarrot wOnion wPeas</harvest>
		<end>wWheat wRye wBarley wOat</end>
	</day>
	<day id="187">
		<sow>wFlax cPotato</sow>
		<grow>wPotato cCabbage cCarrot cOnion cPeas</grow>
		<harvest>wFlax cPotato</harvest>
		<end></end>
	</day>
	<day id="188">
		<sow>cPotato wFlax</sow>
		<grow>wPotato cCabbage cCarrot cOnion cPeas</grow>
		<harvest>cPotato wFlax</harvest>
		<end>cFlax</end>
	</day>
	<day id="189">
		<sow>cPotato wFlax</sow>
		<grow>wCabbage wCarrot wOnion wPeas cCabbage cCarrot cOnion cPeas</grow>
		<harvest>cPotato wFlax</harvest>
		<end></end>
	</day>
	<day id="190">
		<sow>wPotato wFlax</sow>
		<grow>wCabbage wCarrot wOnion wPeas</grow>
		<harvest>wPotato wFlax</harvest>
		<end></end>
	</day>
	<day id="191">
		<sow>wPotato wFlax</sow>
		<grow>wWheat wRye wBarley wOat wCabbage wCarrot wOnion wPeas</grow>
		<harvest>wPotato wFlax</harvest>
		<end></end>
	</day>
	<day id="192">
		<sow>wPotato wFlax</sow>
		<grow>cWheat cRye cBarley cOat wCabbage wCarrot wOnion wPeas wWheat wRye wBarley wOat</grow>
		<harvest>wPotato wFlax</harvest>
		<end></end>
	</day>
	<day id="193">
		<sow>wPotato</sow>
		<grow>wCabbage wCarrot wOnion wPeas wWheat wRye wBarley wOat cWheat cRye cBarley cOat</grow>
		<harvest>wPotato</harvest>
		<end>wFlax</end>
	</day>
	<day id="194">
		<sow>wPotato</sow>
		<grow>wFlax wWheat wRye wBarley wOat cWheat cRye cBarley cOat</grow>
		<harvest>wPotato</harvest>
		<end></end>
	</day>
	<day id="195">
		<sow>wCabbage wCarrot wOnion wPeas</sow>
		<grow>wWheat wRye wBarley wOat cWheat cRye cBarley cOat wFlax</grow>
		<harvest>wCabbage wCarrot wOnion wPeas</harvest>
		<end></end>
	</day>
	<day id="196">
		<sow>wCabbage wCarrot wOnion wPeas</sow>
		<grow>wPotato wWheat wRye wBarley wOat cWheat cRye cBarley cOat wFlax</grow>
		<harvest>wCabbage wCarrot wOnion wPeas</harvest>
		<end></end>
	</day>
	<day id="197">
		<sow>wCabbage wCarrot wOnion wPeas</sow>
		<grow>cPotato wPotato wFlax</grow>
		<harvest>wCabbage wCarrot wOnion wPeas</harvest>
		<end></end>
	</day>
	<day id="198">
		<sow>wCabbage wCarrot wOnion wPeas</sow>
		<grow>cFlax wPotato cPotato wFlax</grow>
		<harvest>wCabbage wCarrot wOnion wPeas</harvest>
		<end></end>
	</day>
	<day id="199">
		<sow>wCabbage wCarrot wOnion wPeas</sow>
		<grow>wPotato cPotato cFlax</grow>
		<harvest>wCabbage wCarrot wOnion wPeas</harvest>
		<end>wPotato</end>
	</day>
	<day id="200">
		<sow>wFlax</sow>
		<grow>wPotato cPotato cFlax</grow>
		<harvest>wFlax</harvest>
		<end></end>
	</day>
	<day id="201">
		<sow>wFlax</sow>
		<grow>wGrapes cGrapes wPotato cPotato cFlax</grow>
		<harvest>wFlax</harvest>
		<end></end>
	</day>
	<day id="202">
		<sow>wFlax</sow>
		<grow>wCabbage wCarrot wOnion wPeas cFlax wGrapes cGrapes</grow>
		<harvest>wFlax</harvest>
		<end></end>
	</day>
	<day id="203">
		<sow>wPotato wFlax</sow>
		<grow>wCabbage wCarrot wOnion wPeas wGrapes cGrapes</grow>
		<harvest>wPotato wFlax</harvest>
		<end></end>
	</day>
	<day id="204">
		<sow>wWheat wRye wBarley wOat wPotato wFlax</sow>
		<grow>wCabbage wCarrot wOnion wPeas wGrapes cGrapes</grow>
		<harvest>wWheat wRye wBarley wOat wPotato wFlax</harvest>
		<end></end>
	</day>
	<day id="205">
		<sow>wPotato wWheat wRye wBarley wOat wFlax</sow>
		<grow>wCabbage wCarrot wOnion wPeas wGrapes cGrapes</grow>
		<harvest>wPotato wWheat wRye wBarley wOat wFlax</harvest>
		<end>cPotato</end>
	</day>
	<day id="206">
		<sow>wPotato wWheat wRye wBarley wOat</sow>
		<grow>wCabbage wCarrot wOnion wPeas wGrapes cGrapes</grow>
		<harvest>wPotato wWheat wRye wBarley wOat</harvest>
		<end>wCabbage wCarrot wOnion wPeas</end>
	</day>
	<day id="207">
		<sow>wPotato wWheat wRye wBarley wOat</sow>
		<grow>wFlax wGrapes cGrapes</grow>
		<harvest>wPotato wWheat wRye wBarley wOat</harvest>
		<end></end>
	</day>
	<day id="208">
		<sow>wCabbage wCarrot wOnion wPeas wWheat wRye wBarley wOat</sow>
		<grow>wFlax wGrapes cGrapes</grow>
		<harvest>wCabbage wCarrot wOnion wPeas wWheat wRye wBarley wOat</harvest>
		<end></end>
	</day>
	<day id="209">
		<sow>wCabbage wCarrot wOnion wPeas</sow>
		<grow>wPotato wFlax wGrapes cGrapes</grow>
		<harvest>wCabbage wCarrot wOnion wPeas</harvest>
		<end></end>
	</day>
	<day id="210">
		<sow>cPotato wCabbage wCarrot wOnion wPeas</sow>
		<grow>wPotato wFlax wGrapes cGrapes</grow>
		<harvest>cPotato wCabbage wCarrot wOnion wPeas</harvest>
		<end></end>
	</day>
	<day id="211">
		<sow>cCabbage cCarrot cOnion cPeas cPotato wCabbage wCarrot wOnion wPeas</sow>
		<grow>wPotato wFlax</grow>
		<harvest>cCabbage cCarrot cOnion cPeas cPotato wCabbage wCarrot wOnion wPeas</harvest>
		<end></end>
	</day>
	<day id="212">
		<sow>cPotato wCabbage wCarrot wOnion wPeas cCabbage cCarrot cOnion cPeas</sow>
		<grow>wPotato</grow>
		<harvest>cPotato wCabbage wCarrot wOnion wPeas cCabbage cCarrot cOnion cPeas</harvest>
		<end>wWheat wRye wBarley wOat</end>
	</day>
	<day id="213">
		<sow>wFlax cPotato cCabbage cCarrot cOnion cPeas</sow>
		<grow>wPotato</grow>
		<harvest>wFlax cPotato cCabbage cCarrot cOnion cPeas</harvest>
		<end></end>
	</day>
	<day id="214">
		<sow>cPotato cCabbage cCarrot cOnion cPeas wFlax</sow>
		<grow>wPotato</grow>
		<harvest>cPotato cCabbage cCarrot cOnion cPeas wFlax</harvest>
		<end>cWheat cRye cBarley cOat</end>
	</day>
	<day id="215">
		<sow>cPotato cCabbage cCarrot cOnion cPeas wFlax</sow>
		<grow>wCabbage wCarrot wOnion wPeas</grow>
		<harvest>cPotato cCabbage cCarrot cOnion cPeas wFlax</harvest>
		<end></end>
	</day>
	<day id="216">
		<sow>wPotato wFlax</sow>
		<grow>wCabbage wCarrot wOnion wPeas</grow>
		<harvest>wPotato wFlax</harvest>
		<end></end>
	</day>
	<day id="217">
		<sow>wPotato wFlax</sow>
		<grow>wWheat wRye wBarley wOat wCabbage wCarrot wOnion wPeas</grow>
		<harvest>wPotato wFlax</harvest>
		<end></end>
	</day>
	<day id="218">
		<sow>cWheat cRye cBarley cOat wPotato wFlax</sow>
		<grow>wCabbage wCarrot wOnion wPeas wWheat wRye wBarley wOat</grow>
		<harvest>cWheat cRye cBarley cOat wPotato wFlax</harvest>
		<end></end>
	</day>
	<day id="219">
		<sow>wPotato cWheat cRye cBarley cOat</sow>
		<grow>wCabbage wCarrot wOnion wPeas wWheat wRye wBarley wOat</grow>
		<harvest>wPotato cWheat cRye cBarley cOat</harvest>
		<end>wFlax</end>
	</day>
	<day id="220">
		<sow>wPotato cWheat cRye cBarley cOat</sow>
		<grow>wFlax wWheat wRye wBarley wOat</grow>
		<harvest>wPotato cWheat cRye cBarley cOat</harvest>
		<end></end>
	</day>
	<day id="221">
		<sow>wCabbage wCarrot wOnion wPeas cWheat cRye cBarley cOat</sow>
		<grow>wWheat wRye wBarley wOat wFlax</grow>
		<harvest>wCabbage wCarrot wOnion wPeas cWheat cRye cBarley cOat</harvest>
		<end></end>
	</day>
	<day id="222">
		<sow>wCabbage wCarrot wOnion wPeas cWheat cRye cBarley cOat</sow>
		<grow>wPotato wWheat wRye wBarley wOat wFlax</grow>
		<harvest>wCabbage wCarrot wOnion wPeas cWheat cRye cBarley cOat</harvest>
		<end></end>
	</day>
	<day id="223">
		<sow>wCabbage wCarrot wOnion wPeas</sow>
		<grow>cPotato wPotato wFlax</grow>
		<harvest>wCabbage wCarrot wOnion wPeas</harvest>
		<end></end>
	</day>
	<day id="224">
		<sow>cFlax wCabbage wCarrot wOnion wPeas</sow>
		<grow>wPotato cPotato wFlax</grow>
		<harvest>cFlax wCabbage wCarrot wOnion wPeas</harvest>
		<end></end>
	</day>
	<day id="225">
		<sow>wCabbage wCarrot wOnion wPeas cFlax</sow>
		<grow>wPotato cPotato</grow>
		<harvest>wCabbage wCarrot wOnion wPeas cFlax</harvest>
		<end>wPotato</end>
	</day>
	<day id="226">
		<sow>wFlax cFlax</sow>
		<grow>wPotato cPotato</grow>
		<harvest>wFlax cFlax</harvest>
		<end></end>
	</day>
	<day id="227">
		<sow>wFlax cFlax</sow>
		<grow>wPotato cPotato</grow>
		<harvest>wFlax cFlax</harvest>
		<end>cCabbage cCarrot cOnion cPeas</end>
	</day>
	<day id="228">
		<sow>wFlax cFlax</sow>
		<grow>wCabbage wCarrot wOnion wPeas</grow>
		<harvest>wFlax cFlax</harvest>
		<end></end>
	</day>
	<day id="229">
		<sow>wPotato wFlax cFlax</sow>
		<grow>wCabbage wCarrot wOnion wPeas</grow>
		<harvest>wPotato wFlax cFlax</harvest>
		<end></end>
	</day>
	<day id="230">
		<sow>wWheat wRye wBarley wOat wPotato wFlax cFlax</sow>
		<grow>wCabbage wCarrot wOnion wPeas</grow>
		<harvest>wWheat wRye wBarley wOat wPotato wFlax cFlax</harvest>
		<end></end>
	</day>
	<day id="231">
		<sow>wPotato wWheat wRye wBarley wOat wFlax cFlax</sow>
		<grow>wCabbage wCarrot wOnion wPeas</grow>
		<harvest>wPotato wWheat wRye wBarley wOat wFlax cFlax</harvest>
		<end>cPotato</end>
	</day>
	<day id="232">
		<sow>wPotato wWheat wRye wBarley wOat cFlax</sow>
		<grow>wCabbage wCarrot wOnion wPeas</grow>
		<harvest>wPotato wWheat wRye wBarley wOat cFlax</harvest>
		<end>wCabbage wCarrot wOnion wPeas</end>
	</day>
	<day id="233">
		<sow>wPotato wWheat wRye wBarley wOat cFlax</sow>
		<grow>wFlax</grow>
		<harvest>wPotato wWheat wRye wBarley wOat cFlax</harvest>
		<end></end>
	</day>
	<day id="234">
		<sow>wCabbage wCarrot wOnion wPeas wWheat wRye wBarley wOat</sow>
		<grow>wFlax</grow>
		<harvest>wCabbage wCarrot wOnion wPeas wWheat wRye wBarley wOat</harvest>
		<end></end>
	</day>
	<day id="235">
		<sow>wCabbage wCarrot wOnion wPeas</sow>
		<grow>wPotato wFlax</grow>
		<harvest>wCabbage wCarrot wOnion wPeas</harvest>
		<end></end>
	</day>
	<day id="236">
		<sow>cPotato wCabbage wCarrot wOnion wPeas</sow>
		<grow>wPotato wFlax</grow>
		<harvest>cPotato wCabbage wCarrot wOnion wPeas</harvest>
		<end></end>
	</day>
	<day id="237">
		<sow>cPotato wCabbage wCarrot wOnion wPeas</sow>
		<grow>cCabbage cCarrot cOnion cPeas wPotato wFlax</grow>
		<harvest>cPotato wCabbage wCarrot wOnion wPeas</harvest>
		<end></end>
	</day>
	<day id="238">
		<sow>cPotato wCabbage wCarrot wOnion wPeas</sow>
		<grow>wPotato cCabbage cCarrot cOnion cPeas</grow>
		<harvest>cPotato wCabbage wCarrot wOnion wPeas</harvest>
		<end>wWheat wRye wBarley wOat</end>
	</day>
	<day id="239">
		<sow>wFlax cPotato</sow>
		<grow>wPotato cCabbage cCarrot cOnion cPeas</grow>
		<harvest>wFlax cPotato</harvest>
		<end></end>
	</day>
	<day id="240">
		<sow>cPotato wFlax</sow>
		<grow>wPotato cCabbage cCarrot cOnion cPeas</grow>
		<harvest>cPotato wFlax</harvest>
		<end>cFlax</end>
	</day>
	<day id="241">
		<sow>cPotato wFlax</sow>
		<grow>wCabbage wCarrot wOnion wPeas cCabbage cCarrot cOnion cPeas</grow>
		<harvest>cPotato wFlax</harvest>
		<end></end>
	</day>
	<day id="242">
		<sow>wPotato wFlax</sow>
		<grow>wCabbage wCarrot wOnion wPeas</grow>
		<harvest>wPotato wFlax</harvest>
		<end></end>
	</day>
	<day id="243">
		<sow>wPotato wFlax</sow>
		<grow>wWheat wRye wBarley wOat wCabbage wCarrot wOnion wPeas</grow>
		<harvest>wPotato wFlax</harvest>
		<end></end>
	</day>
	<day id="244">
		<sow>wPotato wFlax</sow>
		<grow>cWheat cRye cBarley cOat wCabbage wCarrot wOnion wPeas wWheat wRye wBarley wOat</grow>
		<harvest>wPotato wFlax</harvest>
		<end></end>
	</day>
	<day id="245">
		<sow>wPotato</sow>
		<grow>wCabbage wCarrot wOnion wPeas wWheat wRye wBarley wOat cWheat cRye cBarley cOat</grow>
		<harvest>wPotato</harvest>
		<end>wFlax</end>
	</day>
	<day id="246">
		<sow>wPotato</sow>
		<grow>wFlax wWheat wRye wBarley wOat cWheat cRye cBarley cOat</grow>
		<harvest>wPotato</harvest>
		<end></end>
	</day>
	<day id="247">
		<sow>wCabbage wCarrot wOnion wPeas</sow>
		<grow>wWheat wRye wBarley wOat cWheat cRye cBarley cOat wFlax</grow>
		<harvest>wCabbage wCarrot wOnion wPeas</harvest>
		<end></end>
	</day>
	<day id="248">
		<sow>wCabbage wCarrot wOnion wPeas</sow>
		<grow>wPotato wWheat wRye wBarley wOat cWheat cRye cBarley cOat wFlax</grow>
		<harvest>wCabbage wCarrot wOnion wPeas</harvest>
		<end></end>
	</day>
	<day id="249">
		<sow>wCabbage wCarrot wOnion wPeas</sow>
		<grow>cPotato wPotato wFlax</grow>
		<harvest>wCabbage wCarrot wOnion wPeas</harvest>
		<end></end>
	</day>
	<day id="250">
		<sow>wCabbage wCarrot wOnion wPeas</sow>
		<grow>cFlax wPotato cPotato wFlax</grow>
		<harvest>wCabbage wCarrot wOnion wPeas</harvest>
		<end></end>
	</day>
	<day id="251">
		<sow>wCabbage wCarrot wOnion wPeas</sow>
		<grow>wPotato cPotato cFlax</grow>
		<harvest>wCabbage wCarrot wOnion wPeas</harvest>
		<end>wPotato</end>
	</day>
	<day id="252">
		<sow>wFlax</sow>
		<grow>wPotato cPotato cFlax</grow>
		<harvest>wFlax</harvest>
		<end></end>
	</day>
	<day id="253">
		<sow>wFlax</sow>
		<grow>wPotato cPotato cFlax</grow>
		<harvest>wFlax wGrapes cGrapes</harvest>
		<end></end>
	</day>
	<day id="254">
		<sow>wFlax</sow>
		<grow>wCabbage wCarrot wOnion wPeas cFlax</grow>
		<harvest>wFlax wGrapes cGrapes</harvest>
		<end></end>
	</day>
	<day id="255">
		<sow>wPotato wFlax</sow>
		<grow>wCabbage wCarrot wOnion wPeas</grow>
		<harvest>wPotato wFlax wGrapes cGrapes</harvest>
		<end></end>
	</day>
	<day id="256">
		<sow>wWheat wRye wBarley wOat wPotato wFlax</sow>
		<grow>wCabbage wCarrot wOnion wPeas</grow>
		<harvest>wWheat wRye wBarley wOat wPotato wFlax wGrapes cGrapes</harvest>
		<end></end>
	</day>
	<day id="257">
		<sow>wPotato wWheat wRye wBarley wOat wFlax</sow>
		<grow>wCabbage wCarrot wOnion wPeas</grow>
		<harvest>wPotato wWheat wRye wBarley wOat wFlax wGrapes cGrapes</harvest>
		<end>cPotato</end>
	</day>
	<day id="258">
		<sow>wPotato wWheat wRye wBarley wOat</sow>
		<grow>wCabbage wCarrot wOnion wPeas</grow>
		<harvest>wPotato wWheat wRye wBarley wOat wGrapes cGrapes</harvest>
		<end>wCabbage wCarrot wOnion wPeas</end>
	</day>
	<day id="259">
		<sow>wPotato wWheat wRye wBarley wOat</sow>
		<grow>wFlax</grow>
		<harvest>wPotato wWheat wRye wBarley wOat wGrapes cGrapes</harvest>
		<end></end>
	</day>
	<day id="260">
		<sow>wCabbage wCarrot wOnion wPeas wWheat wRye wBarley wOat</sow>
		<grow>wFlax</grow>
		<harvest>wCabbage wCarrot wOnion wPeas wWheat wRye wBarley wOat wGrapes cGrapes</harvest>
		<end></end>
	</day>
	<day id="261">
		<sow>wCabbage wCarrot wOnion wPeas</sow>
		<grow>wPotato wFlax</grow>
		<harvest>wCabbage wCarrot wOnion wPeas wGrapes cGrapes</harvest>
		<end></end>
	</day>
	<day id="262">
		<sow>cPotato wCabbage wCarrot wOnion wPeas</sow>
		<grow>wPotato wFlax</grow>
		<harvest>cPotato wCabbage wCarrot wOnion wPeas wGrapes cGrapes</harvest>
		<end></end>
	</day>
	<day id="263">
		<sow>cCabbage cCarrot cOnion cPeas cPotato wCabbage wCarrot wOnion wPeas</sow>
		<grow>wPotato wFlax</grow>
		<harvest>cCabbage cCarrot cOnion cPeas cPotato wCabbage wCarrot wOnion wPeas</harvest>
		<end></end>
	</day>
	<day id="264">
		<sow>cPotato wCabbage wCarrot wOnion wPeas cCabbage cCarrot cOnion cPeas</sow>
		<grow>wPotato</grow>
		<harvest>cPotato wCabbage wCarrot wOnion wPeas cCabbage cCarrot cOnion cPeas</harvest>
		<end>wWheat wRye wBarley wOat</end>
	</day>
	<day id="265">
		<sow>wFlax cPotato cCabbage cCarrot cOnion cPeas</sow>
		<grow>wPotato</grow>
		<harvest>wFlax cPotato cCabbage cCarrot cOnion cPeas</harvest>
		<end></end>
	</day>
	<day id="266">
		<sow>cPotato cCabbage cCarrot cOnion cPeas wFlax</sow>
		<grow>wPotato</grow>
		<harvest>cPotato cCabbage cCarrot cOnion cPeas wFlax</harvest>
		<end>cWheat cRye cBarley cOat</end>
	</day>
	<day id="267">
		<sow>cPotato cCabbage cCarrot cOnion cPeas wFlax wGrapes cGrapes</sow>
		<grow>wCabbage wCarrot wOnion wPeas</grow>
		<harvest>cPotato cCabbage cCarrot cOnion cPeas wFlax</harvest>
		<end></end>
	</day>
	<day id="268">
		<sow>wPotato wFlax wGrapes cGrapes</sow>
		<grow>wCabbage wCarrot wOnion wPeas</grow>
		<harvest>wPotato wFlax</harvest>
		<end></end>
	</day>
	<day id="269">
		<sow>wPotato wFlax wGrapes cGrapes</sow>
		<grow>wWheat wRye wBarley wOat wCabbage wCarrot wOnion wPeas</grow>
		<harvest>wPotato wFlax</harvest>
		<end></end>
	</day>
	<day id="270">
		<sow>cWheat cRye cBarley cOat wPotato wFlax wGrapes cGrapes</sow>
		<grow>wCabbage wCarrot wOnion wPeas wWheat wRye wBarley wOat</grow>
		<harvest>cWheat cRye cBarley cOat wPotato wFlax</harvest>
		<end></end>
	</day>
	<day id="271">
		<sow>wPotato cWheat cRye cBarley cOat wGrapes cGrapes</sow>
		<grow>wCabbage wCarrot wOnion wPeas wWheat wRye wBarley wOat</grow>
		<harvest>wPotato cWheat cRye cBarley cOat</harvest>
		<end>wFlax</end>
	</day>
	<day id="272">
		<sow>wPotato cWheat cRye cBarley cOat wGrapes cGrapes</sow>
		<grow>wFlax wWheat wRye wBarley wOat</grow>
		<harvest>wPotato cWheat cRye cBarley cOat</harvest>
		<end></end>
	</day>
	<day id="273">
		<sow>wCabbage wCarrot wOnion wPeas cWheat cRye cBarley cOat wGrapes cGrapes</sow>
		<grow>wWheat wRye wBarley wOat wFlax</grow>
		<harvest>wCabbage wCarrot wOnion wPeas cWheat cRye cBarley cOat</harvest>
		<end></end>
	</day>
	<day id="274">
		<sow>wCabbage wCarrot wOnion wPeas cWheat cRye cBarley cOat wGrapes cGrapes</sow>
		<grow>wPotato wWheat wRye wBarley wOat wFlax</grow>
		<harvest>wCabbage wCarrot wOnion wPeas cWheat cRye cBarley cOat</harvest>
		<end></end>
	</day>
	<day id="275">
		<sow>wCabbage wCarrot wOnion wPeas wGrapes cGrapes</sow>
		<grow>cPotato wPotato wFlax</grow>
		<harvest>wCabbage wCarrot wOnion wPeas</harvest>
		<end></end>
	</day>
	<day id="276">
		<sow>cFlax wCabbage wCarrot wOnion wPeas wGrapes cGrapes</sow>
		<grow>wPotato cPotato wFlax</grow>
		<harvest>cFlax wCabbage wCarrot wOnion wPeas</harvest>
		<end></end>
	</day>
	<day id="277">
		<sow>wCabbage wCarrot wOnion wPeas cFlax wGrapes cGrapes</sow>
		<grow>wPotato cPotato</grow>
		<harvest>wCabbage wCarrot wOnion wPeas cFlax</harvest>
		<end>wPotato</end>
	</day>
	<day id="278">
		<sow>wFlax cFlax wGrapes cGrapes</sow>
		<grow>wPotato cPotato</grow>
		<harvest>wFlax cFlax</harvest>
		<end></end>
	</day>
	<day id="279">
		<sow>wFlax cFlax wGrapes cGrapes</sow>
		<grow>wPotato cPotato</grow>
		<harvest>wFlax cFlax</harvest>
		<end>cCabbage cCarrot cOnion cPeas</end>
	</day>
	<day id="280">
		<sow>wFlax cFlax</sow>
		<grow>wCabbage wCarrot wOnion wPeas</grow>
		<harvest>wFlax cFlax</harvest>
		<end></end>
	</day>
	<day id="281">
		<sow>wPotato wFlax cFlax</sow>
		<grow>wCabbage wCarrot wOnion wPeas</grow>
		<harvest>wPotato wFlax cFlax</harvest>
		<end></end>
	</day>
	<day id="282">
		<sow>wWheat wRye wBarley wOat wPotato wFlax cFlax</sow>
		<grow>wCabbage wCarrot wOnion wPeas</grow>
		<harvest>wWheat wRye wBarley wOat wPotato wFlax cFlax</harvest>
		<end></end>
	</day>
	<day id="283">
		<sow>wPotato wWheat wRye wBarley wOat wFlax cFlax</sow>
		<grow>wCabbage wCarrot wOnion wPeas</grow>
		<harvest>wPotato wWheat wRye wBarley wOat wFlax cFlax</harvest>
		<end>cPotato</end>
	</day>
	<day id="284">
		<sow>wPotato wWheat wRye wBarley wOat cFlax</sow>
		<grow>wCabbage wCarrot wOnion wPeas</grow>
		<harvest>wPotato wWheat wRye wBarley wOat cFlax</harvest>
		<end>wCabbage wCarrot wOnion wPeas</end>
	</day>
	<day id="285">
		<sow>wPotato wWheat wRye wBarley wOat cFlax</sow>
		<grow>wFlax</grow>
		<harvest>wPotato wWheat wRye wBarley wOat cFlax</harvest>
		<end></end>
	</day>
	<day id="286">
		<sow>wCabbage wCarrot wOnion wPeas wWheat wRye wBarley wOat</sow>
		<grow>wFlax</grow>
		<harvest>wCabbage wCarrot wOnion wPeas wWheat wRye wBarley wOat</harvest>
		<end></end>
	</day>
	<day id="287">
		<sow>wCabbage wCarrot wOnion wPeas</sow>
		<grow>wPotato wFlax</grow>
		<harvest>wCabbage wCarrot wOnion wPeas</harvest>
		<end></end>
	</day>
	<day id="288">
		<sow>cPotato wCabbage wCarrot wOnion wPeas</sow>
		<grow>wPotato wFlax</grow>
		<harvest>cPotato wCabbage wCarrot wOnion wPeas</harvest>
		<end></end>
	</day>
	<day id="289">
		<sow>cPotato wCabbage wCarrot wOnion wPeas</sow>
		<grow>cCabbage cCarrot cOnion cPeas wPotato wFlax</grow>
		<harvest>cPotato wCabbage wCarrot wOnion wPeas</harvest>
		<end></end>
	</day>
	<day id="290">
		<sow>cPotato wCabbage wCarrot wOnion wPeas</sow>
		<grow>wPotato cCabbage cCarrot cOnion cPeas</grow>
		<harvest>cPotato wCabbage wCarrot wOnion wPeas</harvest>
		<end>wWheat wRye wBarley wOat</end>
	</day>
	<day id="291">
		<sow>wFlax cPotato</sow>
		<grow>wPotato cCabbage cCarrot cOnion cPeas</grow>
		<harvest>wFlax cPotato</harvest>
		<end></end>
	</day>
	<day id="292">
		<sow>cPotato wFlax</sow>
		<grow>wPotato cCabbage cCarrot cOnion cPeas</grow>
		<harvest>cPotato wFlax</harvest>
		<end>cFlax</end>
	</day>
	<day id="293">
		<sow>cPotato wFlax</sow>
		<grow>wCabbage wCarrot wOnion wPeas cCabbage cCarrot cOnion cPeas</grow>
		<harvest>cPotato wFlax</harvest>
		<end></end>
	</day>
	<day id="294">
		<sow>wPotato wFlax</sow>
		<grow>wCabbage wCarrot wOnion wPeas</grow>
		<harvest>wPotato wFlax</harvest>
		<end></end>
	</day>
	<day id="295">
		<sow>wPotato wFlax</sow>
		<grow>wWheat wRye wBarley wOat wCabbage wCarrot wOnion wPeas</grow>
		<harvest>wPotato wFlax</harvest>
		<end></end>
	</day>
	<day id="296">
		<sow>wPotato wFlax</sow>
		<grow>cWheat cRye cBarley cOat wCabbage wCarrot wOnion wPeas wWheat wRye wBarley wOat</grow>
		<harvest>wPotato wFlax</harvest>
		<end></end>
	</day>
	<day id="297">
		<sow>wPotato</sow>
		<grow>wCabbage wCarrot wOnion wPeas wWheat wRye wBarley wOat cWheat cRye cBarley cOat</grow>
		<harvest>wPotato</harvest>
		<end>wFlax</end>
	</day>
	<day id="298">
		<sow>wPotato</sow>
		<grow>wFlax wWheat wRye wBarley wOat cWheat cRye cBarley cOat</grow>
		<harvest>wPotato</harvest>
		<end></end>
	</day>
	<day id="299">
		<sow>wCabbage wCarrot wOnion wPeas</sow>
		<grow>wWheat wRye wBarley wOat cWheat cRye cBarley cOat wFlax</grow>
		<harvest>wCabbage wCarrot wOnion wPeas</harvest>
		<end></end>
	</day>
	<day id="300">
		<sow>wCabbage wCarrot wOnion wPeas</sow>
		<grow>wPotato wWheat wRye wBarley wOat cWheat cRye cBarley cOat wFlax</grow>
		<harvest>wCabbage wCarrot wOnion wPeas</harvest>
		<end></end>
	</day>
	<day id="301">
		<sow>wCabbage wCarrot wOnion wPeas</sow>
		<grow>cPotato wPotato wFlax</grow>
		<harvest>wCabbage wCarrot wOnion wPeas</harvest>
		<end></end>
	</day>
	<day id="302">
		<sow>wCabbage wCarrot wOnion wPeas</sow>
		<grow>cFlax wPotato cPotato wFlax</grow>
		<harvest>wCabbage wCarrot wOnion wPeas</harvest>
		<end></end>
	</day>
	<day id="303">
		<sow>wCabbage wCarrot wOnion wPeas</sow>
		<grow>wPotato cPotato cFlax</grow>
		<harvest>wCabbage wCarrot wOnion wPeas</harvest>
		<end>wPotato</end>
	</day>
	<day id="304">
		<sow>wFlax</sow>
		<grow>wPotato cPotato cFlax</grow>
		<harvest>wFlax</harvest>
		<end></end>
	</day>
	<day id="305">
		<sow>wFlax</sow>
		<grow>wGrapes cGrapes wPotato cPotato cFlax</grow>
		<harvest>wFlax</harvest>
		<end></end>
	</day>
	<day id="306">
		<sow>wFlax</sow>
		<grow>wCabbage wCarrot wOnion wPeas cFlax wGrapes cGrapes</grow>
		<harvest>wFlax</harvest>
		<end></end>
	</day>
	<day id="307">
		<sow>wPotato wFlax</sow>
		<grow>wCabbage wCarrot wOnion wPeas wGrapes cGrapes</grow>
		<harvest>wPotato wFlax</harvest>
		<end></end>
	</day>
	<day id="308">
		<sow>wWheat wRye wBarley wOat wPotato wFlax</sow>
		<grow>wCabbage wCarrot wOnion wPeas wGrapes cGrapes</grow>
		<harvest>wWheat wRye wBarley wOat wPotato wFlax</harvest>
		<end></end>
	</day>
	<day id="309">
		<sow>wPotato wWheat wRye wBarley wOat wFlax</sow>
		<grow>wCabbage wCarrot wOnion wPeas wGrapes cGrapes</grow>
		<harvest>wPotato wWheat wRye wBarley wOat wFlax</harvest>
		<end>cPotato</end>
	</day>
	<day id="310">
		<sow>wPotato wWheat wRye wBarley wOat</sow>
		<grow>wCabbage wCarrot wOnion wPeas wGrapes cGrapes</grow>
		<harvest>wPotato wWheat wRye wBarley wOat</harvest>
		<end>wCabbage wCarrot wOnion wPeas</end>
	</day>
	<day id="311">
		<sow>wPotato wWheat wRye wBarley wOat</sow>
		<grow>wFlax wGrapes cGrapes</grow>
		<harvest>wPotato wWheat wRye wBarley wOat</harvest>
		<end></end>
	</day>
	<day id="312">
		<sow>wCabbage wCarrot wOnion wPeas wWheat wRye wBarley wOat</sow>
		<grow>wFlax wGrapes cGrapes</grow>
		<harvest>wCabbage wCarrot wOnion wPeas wWheat wRye wBarley wOat</harvest>
		<end></end>
	</day>
	<day id="313">
		<sow>wCabbage wCarrot wOnion wPeas</sow>
		<grow>wPotato wFlax wGrapes cGrapes</grow>
		<harvest>wCabbage wCarrot wOnion wPeas</harvest>
		<end></end>
	</day>
	<day id="314">
		<sow>cPotato wCabbage wCarrot wOnion wPeas</sow>
		<grow>wPotato wFlax wGrapes cGrapes</grow>
		<harvest>cPotato wCabbage wCarrot wOnion wPeas</harvest>
		<end></end>
	</day>
	<day id="315">
		<sow>cCabbage cCarrot cOnion cPeas cPotato wCabbage wCarrot wOnion wPeas</sow>
		<grow>wPotato wFlax</grow>
		<harvest>cCabbage cCarrot cOnion cPeas cPotato wCabbage wCarrot wOnion wPeas</harvest>
		<end></end>
	</day>
	<day id="316">
		<sow>cPotato wCabbage wCarrot wOnion wPeas cCabbage cCarrot cOnion cPeas</sow>
		<grow>wPotato</grow>
		<harvest>cPotato wCabbage wCarrot wOnion wPeas cCabbage cCarrot cOnion cPeas</harvest>
		<end>wWheat wRye wBarley wOat</end>
	</day>
	<day id="317">
		<sow>wFlax cPotato cCabbage cCarrot cOnion cPeas</sow>
		<grow>wPotato</grow>
		<harvest>wFlax cPotato cCabbage cCarrot cOnion cPeas</harvest>
		<end></end>
	</day>
	<day id="318">
		<sow>cPotato cCabbage cCarrot cOnion cPeas wFlax</sow>
		<grow>wPotato</grow>
		<harvest>cPotato cCabbage cCarrot cOnion cPeas wFlax</harvest>
		<end>cWheat cRye cBarley cOat</end>
	</day>
	<day id="319">
		<sow>cPotato cCabbage cCarrot cOnion cPeas wFlax</sow>
		<grow>wCabbage wCarrot wOnion wPeas</grow>
		<harvest>cPotato cCabbage cCarrot cOnion cPeas wFlax</harvest>
		<end></end>
	</day>
	<day id="320">
		<sow>wPotato wFlax</sow>
		<grow>wCabbage wCarrot wOnion wPeas</grow>
		<harvest>wPotato wFlax</harvest>
		<end></end>
	</day>
	<day id="321">
		<sow>wPotato wFlax</sow>
		<grow>wWheat wRye wBarley wOat wCabbage wCarrot wOnion wPeas</grow>
		<harvest>wPotato wFlax</harvest>
		<end></end>
	</day>
	<day id="322">
		<sow>cWheat cRye cBarley cOat wPotato wFlax</sow>
		<grow>wCabbage wCarrot wOnion wPeas wWheat wRye wBarley wOat</grow>
		<harvest>cWheat cRye cBarley cOat wPotato wFlax</harvest>
		<end></end>
	</day>
	<day id="323">
		<sow>wPotato cWheat cRye cBarley cOat</sow>
		<grow>wCabbage wCarrot wOnion wPeas wWheat wRye wBarley wOat</grow>
		<harvest>wPotato cWheat cRye cBarley cOat</harvest>
		<end>wFlax</end>
	</day>
	<day id="324">
		<sow>wPotato cWheat cRye cBarley cOat</sow>
		<grow>wFlax wWheat wRye wBarley wOat</grow>
		<harvest>wPotato cWheat cRye cBarley cOat</harvest>
		<end></end>
	</day>
	<day id="325">
		<sow>wCabbage wCarrot wOnion wPeas cWheat cRye cBarley cOat</sow>
		<grow>wWheat wRye wBarley wOat wFlax</grow>
		<harvest>wCabbage wCarrot wOnion wPeas cWheat cRye cBarley cOat</harvest>
		<end></end>
	</day>
	<day id="326">
		<sow>wCabbage wCarrot wOnion wPeas cWheat cRye cBarley cOat</sow>
		<grow>wPotato wWheat wRye wBarley wOat wFlax</grow>
		<harvest>wCabbage wCarrot wOnion wPeas cWheat cRye cBarley cOat</harvest>
		<end></end>
	</day>
	<day id="327">
		<sow>wCabbage wCarrot wOnion wPeas</sow>
		<grow>cPotato wPotato wFlax</grow>
		<harvest>wCabbage wCarrot wOnion wPeas</harvest>
		<end></end>
	</day>
	<day id="328">
		<sow>cFlax wCabbage wCarrot wOnion wPeas</sow>
		<grow>wPotato cPotato wFlax</grow>
		<harvest>cFlax wCabbage wCarrot wOnion wPeas</harvest>
		<end></end>
	</day>
	<day id="329">
		<sow>wCabbage wCarrot wOnion wPeas cFlax</sow>
		<grow>wPotato cPotato</grow>
		<harvest>wCabbage wCarrot wOnion wPeas cFlax</harvest>
		<end>wPotato</end>
	</day>
	<day id="330">
		<sow>wFlax cFlax</sow>
		<grow>wPotato cPotato</grow>
		<harvest>wFlax cFlax</harvest>
		<end></end>
	</day>
	<day id="331">
		<sow>wFlax cFlax</sow>
		<grow>wPotato cPotato</grow>
		<harvest>wFlax cFlax</harvest>
		<end>cCabbage cCarrot cOnion cPeas</end>
	</day>
	<day id="332">
		<sow>wFlax cFlax</sow>
		<grow>wCabbage wCarrot wOnion wPeas</grow>
		<harvest>wFlax cFlax</harvest>
		<end></end>
	</day>
	<day id="333">
		<sow>wPotato wFlax cFlax</sow>
		<grow>wCabbage wCarrot wOnion wPeas</grow>
		<harvest>wPotato wFlax cFlax</harvest>
		<end></end>
	</day>
	<day id="334">
		<sow>wWheat wRye wBarley wOat wPotato wFlax cFlax</sow>
		<grow>wCabbage wCarrot wOnion wPeas</grow>
		<harvest>wWheat wRye wBarley wOat wPotato wFlax cFlax</harvest>
		<end></end>
	</day>
	<day id="335">
		<sow>wPotato wWheat wRye wBarley wOat wFlax cFlax</sow>
		<grow>wCabbage wCarrot wOnion wPeas</grow>
		<harvest>wPotato wWheat wRye wBarley wOat wFlax cFlax</harvest>
		<end>cPotato</end>
	</day>
	<day id="336">
		<sow>wPotato wWheat wRye wBarley wOat cFlax</sow>
		<grow>wCabbage wCarrot wOnion wPeas</grow>
		<harvest>wPotato wWheat wRye wBarley wOat cFlax</harvest>
		<end>wCabbage wCarrot wOnion wPeas</end>
	</day>
	<day id="337">
		<sow>wPotato wWheat wRye wBarley wOat cFlax</sow>
		<grow>wFlax</grow>
		<harvest>wPotato wWheat wRye wBarley wOat cFlax</harvest>
		<end></end>
	</day>
	<day id="338">
		<sow>wCabbage wCarrot wOnion wPeas wWheat wRye wBarley wOat</sow>
		<grow>wFlax</grow>
		<harvest>wCabbage wCarrot wOnion wPeas wWheat wRye wBarley wOat</harvest>
		<end></end>
	</day>
	<day id="339">
		<sow>wCabbage wCarrot wOnion wPeas</sow>
		<grow>wPotato wFlax</grow>
		<harvest>wCabbage wCarrot wOnion wPeas</harvest>
		<end></end>
	</day>
	<day id="340">
		<sow>cPotato wCabbage wCarrot wOnion wPeas</sow>
		<grow>wPotato wFlax</grow>
		<harvest>cPotato wCabbage wCarrot wOnion wPeas</harvest>
		<end></end>
	</day>
	<day id="341">
		<sow>cPotato wCabbage wCarrot wOnion wPeas</sow>
		<grow>cCabbage cCarrot cOnion cPeas wPotato wFlax</grow>
		<harvest>cPotato wCabbage wCarrot wOnion wPeas</harvest>
		<end></end>
	</day>
	<day id="342">
		<sow>cPotato wCabbage wCarrot wOnion wPeas</sow>
		<grow>wPotato cCabbage cCarrot cOnion cPeas</grow>
		<harvest>cPotato wCabbage wCarrot wOnion wPeas</harvest>
		<end>wWheat wRye wBarley wOat</end>
	</day>
	<day id="343">
		<sow>wFlax cPotato</sow>
		<grow>wPotato cCabbage cCarrot cOnion cPeas</grow>
		<harvest>wFlax cPotato</harvest>
		<end></end>
	</day>
	<day id="344">
		<sow>cPotato wFlax</sow>
		<grow>wPotato cCabbage cCarrot cOnion cPeas</grow>
		<harvest>cPotato wFlax</harvest>
		<end>cFlax</end>
	</day>
	<day id="345">
		<sow>cPotato wFlax</sow>
		<grow>wCabbage wCarrot wOnion wPeas cCabbage cCarrot cOnion cPeas</grow>
		<harvest>cPotato wFlax</harvest>
		<end></end>
	</day>
	<day id="346">
		<sow>wPotato wFlax</sow>
		<grow>wCabbage wCarrot wOnion wPeas</grow>
		<harvest>wPotato wFlax</harvest>
		<end></end>
	</day>
	<day id="347">
		<sow>wPotato wFlax</sow>
		<grow>wWheat wRye wBarley wOat wCabbage wCarrot wOnion wPeas</grow>
		<harvest>wPotato wFlax</harvest>
		<end></end>
	</day>
	<day id="348">
		<sow>wPotato wFlax</sow>
		<grow>cWheat cRye cBarley cOat wCabbage wCarrot wOnion wPeas wWheat wRye wBarley wOat</grow>
		<harvest>wPotato wFlax</harvest>
		<end></end>
	</day>
	<day id="349">
		<sow>wPotato</sow>
		<grow>wCabbage wCarrot wOnion wPeas wWheat wRye wBarley wOat cWheat cRye cBarley cOat</grow>
		<harvest>wPotato</harvest>
		<end>wFlax</end>
	</day>
	<day id="350">
		<sow>wPotato</sow>
		<grow>wFlax wWheat wRye wBarley wOat cWheat cRye cBarley cOat</grow>
		<harvest>wPotato</harvest>
		<end></end>
	</day>
	<day id="351">
		<sow>wCabbage wCarrot wOnion wPeas</sow>
		<grow>wWheat wRye wBarley wOat cWheat cRye cBarley cOat wFlax</grow>
		<harvest>wCabbage wCarrot wOnion wPeas</harvest>
		<end></end>
	</day>
	<day id="352">
		<sow>wCabbage wCarrot wOnion wPeas</sow>
		<grow>wPotato wWheat wRye wBarley wOat cWheat cRye cBarley cOat wFlax</grow>
		<harvest>wCabbage wCarrot wOnion wPeas</harvest>
		<end></end>
	</day>
	<day id="353">
		<sow>wCabbage wCarrot wOnion wPeas</sow>
		<grow>cPotato wPotato wFlax</grow>
		<harvest>wCabbage wCarrot wOnion wPeas</harvest>
		<end></end>
	</day>
	<day id="354">
		<sow>wCabbage wCarrot wOnion wPeas</sow>
		<grow>cFlax wPotato cPotato wFlax</grow>
		<harvest>wCabbage wCarrot wOnion wPeas</harvest>
		<end></end>
	</day>
	<day id="355">
		<sow>wCabbage wCarrot wOnion wPeas</sow>
		<grow>wPotato cPotato cFlax</grow>
		<harvest>wCabbage wCarrot wOnion wPeas</harvest>
		<end>wPotato</end>
	</day>
	<day id="356">
		<sow>wFlax</sow>
		<grow>wPotato cPotato cFlax</grow>
		<harvest>wFlax</harvest>
		<end></end>
	</day>
	<day id="357">
		<sow>wFlax</sow>
		<grow>wPotato cPotato cFlax</grow>
		<harvest>wFlax wGrapes cGrapes</harvest>
		<end></end>
	</day>
	<day id="358">
		<sow>wFlax</sow>
		<grow>wCabbage wCarrot wOnion wPeas cFlax</grow>
		<harvest>wFlax wGrapes cGrapes</harvest>
		<end></end>
	</day>
	<day id="359">
		<sow>wPotato wFlax</sow>
		<grow>wCabbage wCarrot wOnion wPeas</grow>
		<harvest>wPotato wFlax wGrapes cGrapes</harvest>
		<end></end>
	</day>
	<day id="360">
		<sow>wWheat wRye wBarley wOat wPotato wFlax</sow>
		<grow>wCabbage wCarrot wOnion wPeas</grow>
		<harvest>wWheat wRye wBarley wOat wPotato wFlax wGrapes cGrapes</harvest>
		<end></end>
	</day>
	<day id="361">
		<sow>wPotato wWheat wRye wBarley wOat wFlax</sow>
		<grow>wCabbage wCarrot wOnion wPeas</grow>
		<harvest>wPotato wWheat wRye wBarley wOat wFlax wGrapes cGrapes</harvest>
		<end>cPotato</end>
	</day>
	<day id="362">
		<sow>wPotato wWheat wRye wBarley wOat</sow>
		<grow>wCabbage wCarrot wOnion wPeas</grow>
		<harvest>wPotato wWheat wRye wBarley wOat wGrapes cGrapes</harvest>
		<end>wCabbage wCarrot wOnion wPeas</end>
	</day>
	<day id="363">
		<sow>wPotato wWheat wRye wBarley wOat</sow>
		<grow>wFlax</grow>
		<harvest>wPotato wWheat wRye wBarley wOat wGrapes cGrapes</harvest>
		<end></end>
	</day>
	<day id="364">
		<sow></sow>
		<grow></grow>
		<harvest></harvest>
		<end></end>
	</day>
	<day id="365">
		<sow></sow>
		<grow></grow>
		<harvest></harvest>
		<end></end>
	</day>
</calendar>
