<?xml version="1.0" encoding="utf-8" standalone="yes" ?>
<lands>
    <land>
        <name>abellaCentral</name>
        <allowed>
            <ability>90</ability>  <!-- Skin -->
            <ability>108</ability> <!-- Special Look in Inventory -->
            <ability>110</ability> <!-- Drop from Inventory -->
            <ability>144</ability> <!-- Special Open/Close Door -->
            <ability>212</ability> <!-- Special Open/Close the Gate -->
            <ability>226</ability> <!-- Special Get Off -->
            <ability>294</ability> <!-- Trade -->
            <ability>347</ability> <!-- Praise the God! -->
        </allowed>
        <restricted>
            <ability>8</ability>   <!-- Pour on the Ground -->
            <ability>97</ability>  <!-- Drop Object -->
            <ability>357</ability>  <!-- Drop Object (red) -->
        </restricted>
    </land>
    <land>
        <name>newbieWholeArea</name>
        <allowed>
            <ability>6</ability>   <!-- Gather a Flint Stone -->
            <ability>8</ability>   <!-- Pour on the Ground -->
            <ability>21</ability>  <!-- Gather a Branch -->
            <ability>34</ability>  <!-- Special Cut Down -->
            <ability>36</ability>  <!-- Special Cut Down -->
            <ability>37</ability>  <!-- Saw out a Billet -->
            <ability>38</ability>  <!-- Saw out a Board -->
            <ability>39</ability>  <!-- Saw out a Building Log -->
            <ability>45</ability>  <!-- Gather Plant Fiber -->
            <ability>46</ability>  <!-- Look for Herbs -->
            <ability>50</ability>  <!-- Gather Mushrooms -->
            <ability>51</ability>  <!-- Gather Berries -->
            <ability>52</ability>  <!-- Special Gather Herbs -->
            <ability>63</ability>  <!-- Special Manage Kiln -->
            <ability>68</ability>  <!-- Gather Wild Plants -->
            <ability>89</ability>  <!-- Fish -->
            <ability>90</ability>  <!-- Skin -->
            <ability>97</ability>  <!-- Drop Object -->
            <ability>98</ability>  <!-- Gather Apples -->
            <ability>100</ability> <!-- Special Manage Furnace -->
            <ability>102</ability> <!-- Special Smelt -->
            <ability>103</ability> <!-- Interface Use Furnace Bellows -->
            <ability>104</ability> <!-- Special Recycle -->
            <ability>108</ability> <!-- Special Look in Inventory -->
            <ability>109</ability> <!-- Special Get Water -->
            <ability>110</ability> <!-- Drop from Inventory -->
            <ability>112</ability> <!-- Special Add Some Fuel -->
            <ability>118</ability> <!-- Special Pull Out of the Kiln -->
            <ability>149</ability> <!-- Mine Iron Ore -->
            <ability>179</ability> <!-- Gather Ammo for Sling -->
            <ability>210</ability> <!-- Special Repair -->
            <ability>213</ability> <!-- Special Use Kiln Bellows -->
            <ability>268</ability> <!-- Special Light the Fire -->
            <ability>325</ability> <!-- Look for Materials -->
            <ability>326</ability> <!-- Look for Edibles -->
            <ability>330</ability> <!-- Erect Idol -->
            <ability>332</ability> <!-- Gather Branches -->
            <ability>334</ability> <!-- Search for Wild Plants -->
            <ability>347</ability> <!-- Praise the God! -->
        </allowed>
    </land>
    <land>
        <name>newbieVillage</name>
        <allowed>
            <ability>6</ability>   <!-- Gather a Flint Stone -->
            <ability>21</ability>  <!-- Gather a Branch -->
            <ability>37</ability>  <!-- Saw out a Billet -->
            <ability>38</ability>  <!-- Saw out a Board -->
            <ability>39</ability>  <!-- Saw out a Building Log -->
            <ability>45</ability>  <!-- Gather Plant Fiber -->
            <ability>46</ability>  <!-- Look for Herbs -->
            <ability>50</ability>  <!-- Gather Mushrooms -->
            <ability>51</ability>  <!-- Gather Berries -->
            <ability>52</ability>  <!-- Special Gather Herbs -->
            <ability>63</ability>  <!-- Special Manage Kiln -->
            <ability>68</ability>  <!-- Gather Wild Plants -->
            <ability>89</ability>  <!-- Fish -->
            <ability>90</ability>  <!-- Skin -->
            <ability>98</ability>  <!-- Gather Apples -->
            <ability>100</ability> <!-- Special Manage Furnace -->
            <ability>102</ability> <!-- Special Smelt -->
            <ability>103</ability> <!-- Interface Use Furnace Bellows -->
            <ability>104</ability> <!-- Special Recycle -->
            <ability>108</ability> <!-- Special Look in Inventory -->
            <ability>109</ability> <!-- Special Get Water -->
            <ability>110</ability> <!-- Drop from Inventory -->
            <ability>112</ability> <!-- Special Add Some Fuel -->
            <ability>118</ability> <!-- Special Pull Out of the Kiln -->
            <ability>149</ability> <!-- Mine Iron Ore -->
            <ability>179</ability> <!-- Gather Ammo for Sling -->
            <ability>210</ability> <!-- Special Repair -->
            <ability>213</ability> <!-- Special Use Kiln Bellows -->
            <ability>268</ability> <!-- Special Light the Fire -->
            <ability>325</ability> <!-- Look for Materials -->
            <ability>326</ability> <!-- Look for Edibles -->
            <ability>332</ability> <!-- Gather Branches -->
            <ability>334</ability> <!-- Search for Wild Plants -->
            <ability>347</ability> <!-- Praise the God! -->
        </allowed>
        <restricted>
            <ability>8</ability>   <!-- Pour on the Ground -->
            <ability>97</ability>  <!-- Drop Object -->
            <ability>330</ability> <!-- Erect Idol -->
        </restricted>
    </land>
    <land>
        <name>newbieQuestCoops</name>
        <allowed>
            <ability>6</ability>   <!-- Gather a Flint Stone -->
            <ability>21</ability>  <!-- Gather a Branch -->
            <ability>34</ability>  <!-- Special Cut Down -->
            <ability>36</ability>  <!-- Special Cut Down -->
            <ability>37</ability>  <!-- Saw out a Billet -->
            <ability>38</ability>  <!-- Saw out a Board -->
            <ability>39</ability>  <!-- Saw out a Building Log -->
            <ability>45</ability>  <!-- Gather Plant Fiber -->
            <ability>46</ability>  <!-- Look for Herbs -->
            <ability>50</ability>  <!-- Gather Mushrooms -->
            <ability>51</ability>  <!-- Gather Berries -->
            <ability>52</ability>  <!-- Special Gather Herbs -->
            <ability>63</ability>  <!-- Special Manage Kiln -->
            <ability>68</ability>  <!-- Gather Wild Plants -->
            <ability>89</ability>  <!-- Fish -->
            <ability>90</ability>  <!-- Skin -->
            <ability>98</ability>  <!-- Gather Apples -->
            <ability>100</ability> <!-- Special Manage Furnace -->
            <ability>102</ability> <!-- Special Smelt -->
            <ability>103</ability> <!-- Interface Use Furnace Bellows -->
            <ability>104</ability> <!-- Special Recycle -->
            <ability>108</ability> <!-- Special Look in Inventory -->
            <ability>109</ability> <!-- Special Get Water -->
            <ability>110</ability> <!-- Drop from Inventory -->
            <ability>112</ability> <!-- Special Add Some Fuel -->
            <ability>118</ability> <!-- Special Pull Out of the Kiln -->
            <ability>149</ability> <!-- Mine Iron Ore -->
            <ability>179</ability> <!-- Gather Ammo for Sling -->
            <ability>210</ability> <!-- Special Repair -->
            <ability>213</ability> <!-- Special Use Kiln Bellows -->
            <ability>268</ability> <!-- Special Light the Fire -->
            <ability>325</ability> <!-- Look for Materials -->
            <ability>326</ability> <!-- Look for Edibles -->
            <ability>332</ability> <!-- Gather Branches -->
            <ability>334</ability> <!-- Search for Wild Plants -->
            <ability>347</ability> <!-- Praise the God! -->
        </allowed>
        <restricted>
            <ability>8</ability>   <!-- Pour on the Ground -->
            <ability>97</ability>  <!-- Drop Object -->
        </restricted>
    </land>
    <land>
        <name>newbieQuestSanctuary</name>
        <allowed>
            <ability>6</ability>   <!-- Gather a Flint Stone -->
            <ability>21</ability>  <!-- Gather a Branch -->
            <ability>34</ability>  <!-- Special Cut Down -->
            <ability>36</ability>  <!-- Special Cut Down -->
            <ability>37</ability>  <!-- Saw out a Billet -->
            <ability>38</ability>  <!-- Saw out a Board -->
            <ability>39</ability>  <!-- Saw out a Building Log -->
            <ability>45</ability>  <!-- Gather Plant Fiber -->
            <ability>46</ability>  <!-- Look for Herbs -->
            <ability>50</ability>  <!-- Gather Mushrooms -->
            <ability>51</ability>  <!-- Gather Berries -->
            <ability>52</ability>  <!-- Special Gather Herbs -->
            <ability>63</ability>  <!-- Special Manage Kiln -->
            <ability>68</ability>  <!-- Gather Wild Plants -->
            <ability>89</ability>  <!-- Fish -->
            <ability>90</ability>  <!-- Skin -->
            <ability>97</ability>  <!-- Drop Object -->
            <ability>98</ability>  <!-- Gather Apples -->
            <ability>100</ability> <!-- Special Manage Furnace -->
            <ability>102</ability> <!-- Special Smelt -->
            <ability>103</ability> <!-- Interface Use Furnace Bellows -->
            <ability>104</ability> <!-- Special Recycle -->
            <ability>108</ability> <!-- Special Look in Inventory -->
            <ability>109</ability> <!-- Special Get Water -->
            <ability>110</ability> <!-- Drop from Inventory -->
            <ability>112</ability> <!-- Special Add Some Fuel -->
            <ability>118</ability> <!-- Special Pull Out of the Kiln -->
            <ability>149</ability> <!-- Mine Iron Ore -->
            <ability>179</ability> <!-- Gather Ammo for Sling -->
            <ability>210</ability> <!-- Special Repair -->
            <ability>213</ability> <!-- Special Use Kiln Bellows -->
            <ability>268</ability> <!-- Special Light the Fire -->
            <ability>325</ability> <!-- Look for Materials -->
            <ability>326</ability> <!-- Look for Edibles -->
            <ability>330</ability> <!-- Erect an Idol -->
            <ability>332</ability> <!-- Gather Branches -->
            <ability>334</ability> <!-- Search for Wild Plants -->
            <ability>347</ability> <!-- Praise the God! -->
        </allowed>
    </land>
    <land>
        <name>newbieArena</name>
        <allowed>
            <ability>90</ability>  <!-- Skin -->
            <ability>96</ability>  <!-- Lift Object -->
            <ability>108</ability> <!-- Look in Inventory -->
        </allowed>
        <restricted>
            <ability>8</ability>   <!-- Pour on the Ground -->
            <ability>97</ability>  <!-- Drop Object -->
        </restricted>
    </land>
    <land>
        <name>newbieFerryman</name>
        <allowed>
            <ability>6</ability>   <!-- Gather a Flint Stone -->
            <ability>21</ability>  <!-- Gather a Branch -->
            <ability>37</ability>  <!-- Saw out a Billet -->
            <ability>38</ability>  <!-- Saw out a Board -->
            <ability>39</ability>  <!-- Saw out a Building Log -->
            <ability>45</ability>  <!-- Gather Plant Fiber -->
            <ability>46</ability>  <!-- Look for Herbs -->
            <ability>50</ability>  <!-- Gather Mushrooms -->
            <ability>51</ability>  <!-- Gather Berries -->
            <ability>52</ability>  <!-- Special Gather Herbs -->
            <ability>68</ability>  <!-- Gather Wild Plants -->
            <ability>90</ability>  <!-- Skin -->
            <ability>98</ability>  <!-- Gather Apples -->
            <ability>108</ability> <!-- Special Look in Inventory -->
            <ability>109</ability> <!-- Special Get Water -->
            <ability>110</ability> <!-- Drop from Inventory -->
            <ability>179</ability> <!-- Gather Ammo for Sling -->
            <ability>210</ability> <!-- Special Repair -->
            <ability>325</ability> <!-- Look for Materials -->
            <ability>326</ability> <!-- Look for Edibles -->
            <ability>332</ability> <!-- Gather Branches -->
            <ability>334</ability> <!-- Search for Wild Plants -->
            <ability>347</ability> <!-- Praise the God! -->
        </allowed>
        <restricted>
            <ability>8</ability>   <!-- Pour on the Ground -->
            <ability>97</ability>  <!-- Drop Object -->
        </restricted>
    </land>
    <land>
        <name>newbieQuestMine</name>
        <allowed>
            <ability>6</ability>   <!-- Gather a Flint Stone -->
            <ability>12</ability>  <!-- Dig a Tunnel Forward -->
            <ability>13</ability>  <!-- Dig a Tunnel Downward -->
            <ability>14</ability>  <!-- Dig a Tunnel Upward -->
            <ability>21</ability>  <!-- Gather a Branch -->
            <ability>37</ability>  <!-- Saw out a Billet -->
            <ability>38</ability>  <!-- Saw out a Board -->
            <ability>39</ability>  <!-- Saw out a Building Log -->
            <ability>45</ability>  <!-- Gather Plant Fiber -->
            <ability>46</ability>  <!-- Look for Herbs -->
            <ability>50</ability>  <!-- Gather Mushrooms -->
            <ability>51</ability>  <!-- Gather Berries -->
            <ability>52</ability>  <!-- Special Gather Herbs -->
            <ability>63</ability>  <!-- Special Manage Kiln -->
            <ability>68</ability>  <!-- Gather Wild Plants -->
            <ability>89</ability>  <!-- Fish -->
            <ability>90</ability>  <!-- Skin -->
            <ability>98</ability>  <!-- Gather Apples -->
            <ability>100</ability> <!-- Special Manage Furnace -->
            <ability>102</ability> <!-- Special Smelt -->
            <ability>103</ability> <!-- Interface Use Furnace Bellows -->
            <ability>104</ability> <!-- Special Recycle -->
            <ability>108</ability> <!-- Special Look in Inventory -->
            <ability>109</ability> <!-- Special Get Water -->
            <ability>110</ability> <!-- Drop from Inventory -->
            <ability>112</ability> <!-- Special Add Some Fuel -->
            <ability>118</ability> <!-- Special Pull Out of the Kiln -->
            <ability>149</ability> <!-- Mine Iron Ore -->
            <ability>179</ability> <!-- Gather Ammo for Sling -->
            <ability>210</ability> <!-- Special Repair -->
            <ability>213</ability> <!-- Special Use Kiln Bellows -->
            <ability>268</ability> <!-- Special Light the Fire -->
            <ability>325</ability> <!-- Look for Materials -->
            <ability>326</ability> <!-- Look for Edibles -->
            <ability>332</ability> <!-- Gather Branches -->
            <ability>334</ability> <!-- Search for Wild Plants -->
            <ability>347</ability> <!-- Praise the God! -->
        </allowed>
        <restricted>
            <ability>97</ability>  <!-- Drop Object -->
        </restricted>
    </land>
        <land>
        <name>Village01</name>
        <allowed>
            <ability>6</ability>   <!-- Gather a Flint Stone -->
            <ability>21</ability>  <!-- Gather a Branch -->
            <ability>45</ability>  <!-- Gather Plant Fiber -->
            <ability>50</ability>  <!-- Gather Mushrooms -->
            <ability>51</ability>  <!-- Gather Berries -->
            <ability>52</ability>  <!-- Special Gather Herbs -->
            <ability>68</ability>  <!-- Gather Wild Plants -->
            <ability>89</ability>  <!-- Fish -->
            <ability>90</ability>  <!-- Skin -->
            <ability>98</ability>  <!-- Gather Apples -->
            <ability>108</ability> <!-- Look in Inventory -->
            <ability>109</ability> <!-- Get Water -->
            <ability>110</ability> <!-- Drop from Inventory -->
            <ability>144</ability> <!-- Open/Close Door -->
            <ability>179</ability> <!-- Gather Ammo for Sling -->
            <ability>212</ability> <!-- Open/Close the Gate -->
            <ability>226</ability> <!-- Get Off -->
            <ability>256</ability> <!-- Become a Mentor of this School -->
            <ability>258</ability> <!-- Attend this School -->
            <ability>294</ability> <!-- Trade -->
            <ability>325</ability> <!-- Look for Materials -->
            <ability>326</ability> <!-- Look for Edibles -->
            <ability>332</ability> <!-- Gather Branches -->
            <ability>334</ability> <!-- Search for Wild Plants -->
            <ability>347</ability> <!-- Praise the God! -->
            <ability>348</ability> <!-- Sacrifice to God -->
        </allowed>
        <restricted>
            <ability>8</ability>   <!-- Pour on the Ground -->
            <ability>97</ability>  <!-- Drop Object -->
            <ability>357</ability>  <!-- Drop Object (red) -->
        </restricted>
    </land>
    <land>
        <name>Village02</name>
        <allowed>
            <ability>6</ability>   <!-- Gather a Flint Stone -->
            <ability>21</ability>  <!-- Gather a Branch -->
            <ability>45</ability>  <!-- Gather Plant Fiber -->
            <ability>50</ability>  <!-- Gather Mushrooms -->
            <ability>51</ability>  <!-- Gather Berries -->
            <ability>52</ability>  <!-- Special Gather Herbs -->
            <ability>68</ability>  <!-- Gather Wild Plants -->
            <ability>89</ability>  <!-- Fish -->
            <ability>90</ability>  <!-- Skin -->
            <ability>98</ability>  <!-- Gather Apples -->
            <ability>108</ability> <!-- Look in Inventory -->
            <ability>109</ability> <!-- Get Water -->
            <ability>110</ability> <!-- Drop from Inventory -->
            <ability>144</ability> <!-- Open/Close Door -->
            <ability>179</ability> <!-- Gather Ammo for Sling -->
            <ability>212</ability> <!-- Open/Close the Gate -->
            <ability>226</ability> <!-- Get Off -->
            <ability>256</ability> <!-- Become a Mentor of this School -->
            <ability>258</ability> <!-- Attend this School -->
            <ability>294</ability> <!-- Trade -->
            <ability>325</ability> <!-- Look for Materials -->
            <ability>326</ability> <!-- Look for Edibles -->
            <ability>332</ability> <!-- Gather Branches -->
            <ability>334</ability> <!-- Search for Wild Plants -->
            <ability>347</ability> <!-- Praise the God! -->
            <ability>348</ability> <!-- Sacrifice to God -->
        </allowed>
        <restricted>
            <ability>8</ability>   <!-- Pour on the Ground -->
            <ability>97</ability>  <!-- Drop Object -->
            <ability>357</ability>  <!-- Drop Object (red) -->
        </restricted>
    </land>
    <land>
        <name>Village03</name>
        <allowed>
            <ability>6</ability>   <!-- Gather a Flint Stone -->
            <ability>21</ability>  <!-- Gather a Branch -->
            <ability>45</ability>  <!-- Gather Plant Fiber -->
            <ability>50</ability>  <!-- Gather Mushrooms -->
            <ability>51</ability>  <!-- Gather Berries -->
            <ability>52</ability>  <!-- Special Gather Herbs -->
            <ability>68</ability>  <!-- Gather Wild Plants -->
            <ability>89</ability>  <!-- Fish -->
            <ability>90</ability>  <!-- Skin -->
            <ability>98</ability>  <!-- Gather Apples -->
            <ability>108</ability> <!-- Look in Inventory -->
            <ability>109</ability> <!-- Get Water -->
            <ability>110</ability> <!-- Drop from Inventory -->
            <ability>144</ability> <!-- Open/Close Door -->
            <ability>179</ability> <!-- Gather Ammo for Sling -->
            <ability>212</ability> <!-- Open/Close the Gate -->
            <ability>226</ability> <!-- Get Off -->
            <ability>256</ability> <!-- Become a Mentor of this School -->
            <ability>258</ability> <!-- Attend this School -->
            <ability>294</ability> <!-- Trade -->
            <ability>325</ability> <!-- Look for Materials -->
            <ability>326</ability> <!-- Look for Edibles -->
            <ability>332</ability> <!-- Gather Branches -->
            <ability>334</ability> <!-- Search for Wild Plants -->
            <ability>347</ability> <!-- Praise the God! -->
            <ability>348</ability> <!-- Sacrifice to God -->
        </allowed>
        <restricted>
            <ability>8</ability>   <!-- Pour on the Ground -->
            <ability>97</ability>  <!-- Drop Object -->
            <ability>357</ability>  <!-- Drop Object (red) -->
        </restricted>
    </land>
    <land>
        <name>Village04</name>
        <allowed>
            <ability>6</ability>   <!-- Gather a Flint Stone -->
            <ability>21</ability>  <!-- Gather a Branch -->
            <ability>45</ability>  <!-- Gather Plant Fiber -->
            <ability>50</ability>  <!-- Gather Mushrooms -->
            <ability>51</ability>  <!-- Gather Berries -->
            <ability>52</ability>  <!-- Special Gather Herbs -->
            <ability>68</ability>  <!-- Gather Wild Plants -->
            <ability>89</ability>  <!-- Fish -->
            <ability>90</ability>  <!-- Skin -->
            <ability>98</ability>  <!-- Gather Apples -->
            <ability>108</ability> <!-- Look in Inventory -->
            <ability>109</ability> <!-- Get Water -->
            <ability>110</ability> <!-- Drop from Inventory -->
            <ability>144</ability> <!-- Open/Close Door -->
            <ability>179</ability> <!-- Gather Ammo for Sling -->
            <ability>212</ability> <!-- Open/Close the Gate -->
            <ability>226</ability> <!-- Get Off -->
            <ability>256</ability> <!-- Become a Mentor of this School -->
            <ability>258</ability> <!-- Attend this School -->
            <ability>294</ability> <!-- Trade -->
            <ability>325</ability> <!-- Look for Materials -->
            <ability>326</ability> <!-- Look for Edibles -->
            <ability>332</ability> <!-- Gather Branches -->
            <ability>334</ability> <!-- Search for Wild Plants -->
            <ability>347</ability> <!-- Praise the God! -->
            <ability>348</ability> <!-- Sacrifice to God -->
        </allowed>
        <restricted>
            <ability>8</ability>   <!-- Pour on the Ground -->
            <ability>97</ability>  <!-- Drop Object -->
            <ability>357</ability>  <!-- Drop Object (red) -->
        </restricted>
    </land>
    <land>
        <name>NativeCamp01</name>
        <allowed>
            <ability>6</ability>   <!-- Gather a Flint Stone -->
            <ability>21</ability>  <!-- Gather a Branch -->
            <ability>45</ability>  <!-- Gather Plant Fiber -->
            <ability>50</ability>  <!-- Gather Mushrooms -->
            <ability>51</ability>  <!-- Gather Berries -->
            <ability>52</ability>  <!-- Special Gather Herbs -->
            <ability>68</ability>  <!-- Gather Wild Plants -->
            <ability>89</ability>  <!-- Fish -->
            <ability>90</ability>  <!-- Skin -->
            <ability>98</ability>  <!-- Gather Apples -->
            <ability>108</ability> <!-- Look in Inventory -->
            <ability>109</ability> <!-- Get Water -->
            <ability>110</ability> <!-- Drop from Inventory -->
            <ability>179</ability> <!-- Gather Ammo for Sling -->
            <ability>325</ability> <!-- Look for Materials -->
            <ability>326</ability> <!-- Look for Edibles -->
            <ability>332</ability> <!-- Gather Branches -->
            <ability>334</ability> <!-- Search for Wild Plants -->
        </allowed>
        <restricted>
            <ability>8</ability>   <!-- Pour on the Ground -->
            <ability>97</ability>  <!-- Drop Object -->
            <ability>220</ability>  <!-- Release (horse) -->
            <ability>222</ability>  <!-- Leave Horse -->
            <ability>223</ability>  <!-- Hide (horse) -->
            <ability>224</ability>  <!-- Get On (horse) -->
            <ability>226</ability>  <!-- Get Off (horse) -->
            <ability>357</ability>  <!-- Drop Object (red) -->
            <ability>368</ability>  <!-- Refresh Horse -->
        </restricted>
    </land>
    <land>
        <name>NativeCamp02</name>
        <allowed>
            <ability>6</ability>   <!-- Gather a Flint Stone -->
            <ability>21</ability>  <!-- Gather a Branch -->
            <ability>45</ability>  <!-- Gather Plant Fiber -->
            <ability>50</ability>  <!-- Gather Mushrooms -->
            <ability>51</ability>  <!-- Gather Berries -->
            <ability>52</ability>  <!-- Special Gather Herbs -->
            <ability>68</ability>  <!-- Gather Wild Plants -->
            <ability>89</ability>  <!-- Fish -->
            <ability>90</ability>  <!-- Skin -->
            <ability>98</ability>  <!-- Gather Apples -->
            <ability>108</ability> <!-- Look in Inventory -->
            <ability>109</ability> <!-- Get Water -->
            <ability>110</ability> <!-- Drop from Inventory -->
            <ability>179</ability> <!-- Gather Ammo for Sling -->
            <ability>325</ability> <!-- Look for Materials -->
            <ability>326</ability> <!-- Look for Edibles -->
            <ability>332</ability> <!-- Gather Branches -->
            <ability>334</ability> <!-- Search for Wild Plants -->
        </allowed>
        <restricted>
            <ability>8</ability>   <!-- Pour on the Ground -->
            <ability>97</ability>  <!-- Drop Object -->
            <ability>220</ability>  <!-- Release (horse) -->
            <ability>222</ability>  <!-- Leave Horse -->
            <ability>223</ability>  <!-- Hide (horse) -->
            <ability>224</ability>  <!-- Get On (horse) -->
            <ability>226</ability>  <!-- Get Off (horse) -->
            <ability>357</ability>  <!-- Drop Object (red) -->
            <ability>368</ability>  <!-- Refresh Horse -->
        </restricted>
    </land>
    <land>
        <name>NativeCamp03</name>
        <allowed>
            <ability>6</ability>   <!-- Gather a Flint Stone -->
            <ability>21</ability>  <!-- Gather a Branch -->
            <ability>45</ability>  <!-- Gather Plant Fiber -->
            <ability>50</ability>  <!-- Gather Mushrooms -->
            <ability>51</ability>  <!-- Gather Berries -->
            <ability>52</ability>  <!-- Special Gather Herbs -->
            <ability>68</ability>  <!-- Gather Wild Plants -->
            <ability>89</ability>  <!-- Fish -->
            <ability>90</ability>  <!-- Skin -->
            <ability>98</ability>  <!-- Gather Apples -->
            <ability>108</ability> <!-- Look in Inventory -->
            <ability>109</ability> <!-- Get Water -->
            <ability>110</ability> <!-- Drop from Inventory -->
            <ability>179</ability> <!-- Gather Ammo for Sling -->
            <ability>325</ability> <!-- Look for Materials -->
            <ability>326</ability> <!-- Look for Edibles -->
            <ability>332</ability> <!-- Gather Branches -->
            <ability>334</ability> <!-- Search for Wild Plants -->
        </allowed>
        <restricted>
            <ability>8</ability>   <!-- Pour on the Ground -->
            <ability>97</ability>  <!-- Drop Object -->
            <ability>220</ability>  <!-- Release (horse) -->
            <ability>222</ability>  <!-- Leave Horse -->
            <ability>223</ability>  <!-- Hide (horse) -->
            <ability>224</ability>  <!-- Get On (horse) -->
            <ability>226</ability>  <!-- Get Off (horse) -->
            <ability>357</ability>  <!-- Drop Object (red) -->
            <ability>368</ability>  <!-- Refresh Horse -->
        </restricted>
    </land>
    <land>
        <name>NativeCamp04</name>
        <allowed>
            <ability>6</ability>   <!-- Gather a Flint Stone -->
            <ability>21</ability>  <!-- Gather a Branch -->
            <ability>45</ability>  <!-- Gather Plant Fiber -->
            <ability>50</ability>  <!-- Gather Mushrooms -->
            <ability>51</ability>  <!-- Gather Berries -->
            <ability>52</ability>  <!-- Special Gather Herbs -->
            <ability>68</ability>  <!-- Gather Wild Plants -->
            <ability>89</ability>  <!-- Fish -->
            <ability>90</ability>  <!-- Skin -->
            <ability>98</ability>  <!-- Gather Apples -->
            <ability>108</ability> <!-- Look in Inventory -->
            <ability>109</ability> <!-- Get Water -->
            <ability>110</ability> <!-- Drop from Inventory -->
            <ability>179</ability> <!-- Gather Ammo for Sling -->
            <ability>325</ability> <!-- Look for Materials -->
            <ability>326</ability> <!-- Look for Edibles -->
            <ability>332</ability> <!-- Gather Branches -->
            <ability>334</ability> <!-- Search for Wild Plants -->
        </allowed>
        <restricted>
            <ability>8</ability>   <!-- Pour on the Ground -->
            <ability>97</ability>  <!-- Drop Object -->
            <ability>220</ability>  <!-- Release (horse) -->
            <ability>222</ability>  <!-- Leave Horse -->
            <ability>223</ability>  <!-- Hide (horse) -->
            <ability>224</ability>  <!-- Get On (horse) -->
            <ability>226</ability>  <!-- Get Off (horse) -->
            <ability>357</ability>  <!-- Drop Object (red) -->
            <ability>368</ability>  <!-- Refresh Horse -->
        </restricted>
    </land>
    <land>
        <name>NativeCamp05</name>
        <allowed>
            <ability>6</ability>   <!-- Gather a Flint Stone -->
            <ability>21</ability>  <!-- Gather a Branch -->
            <ability>45</ability>  <!-- Gather Plant Fiber -->
            <ability>50</ability>  <!-- Gather Mushrooms -->
            <ability>51</ability>  <!-- Gather Berries -->
            <ability>52</ability>  <!-- Special Gather Herbs -->
            <ability>68</ability>  <!-- Gather Wild Plants -->
            <ability>89</ability>  <!-- Fish -->
            <ability>90</ability>  <!-- Skin -->
            <ability>98</ability>  <!-- Gather Apples -->
            <ability>108</ability> <!-- Look in Inventory -->
            <ability>109</ability> <!-- Get Water -->
            <ability>110</ability> <!-- Drop from Inventory -->
            <ability>179</ability> <!-- Gather Ammo for Sling -->
            <ability>325</ability> <!-- Look for Materials -->
            <ability>326</ability> <!-- Look for Edibles -->
            <ability>332</ability> <!-- Gather Branches -->
            <ability>334</ability> <!-- Search for Wild Plants -->
        </allowed>
        <restricted>
            <ability>8</ability>   <!-- Pour on the Ground -->
            <ability>97</ability>  <!-- Drop Object -->
            <ability>220</ability>  <!-- Release (horse) -->
            <ability>222</ability>  <!-- Leave Horse -->
            <ability>223</ability>  <!-- Hide (horse) -->
            <ability>224</ability>  <!-- Get On (horse) -->
            <ability>226</ability>  <!-- Get Off (horse) -->
            <ability>357</ability>  <!-- Drop Object (red) -->
            <ability>368</ability>  <!-- Refresh Horse -->
        </restricted>
    </land>
    <land>
        <name>NativeCamp06</name>
        <allowed>
            <ability>6</ability>   <!-- Gather a Flint Stone -->
            <ability>21</ability>  <!-- Gather a Branch -->
            <ability>45</ability>  <!-- Gather Plant Fiber -->
            <ability>50</ability>  <!-- Gather Mushrooms -->
            <ability>51</ability>  <!-- Gather Berries -->
            <ability>52</ability>  <!-- Special Gather Herbs -->
            <ability>68</ability>  <!-- Gather Wild Plants -->
            <ability>89</ability>  <!-- Fish -->
            <ability>90</ability>  <!-- Skin -->
            <ability>98</ability>  <!-- Gather Apples -->
            <ability>108</ability> <!-- Look in Inventory -->
            <ability>109</ability> <!-- Get Water -->
            <ability>110</ability> <!-- Drop from Inventory -->
            <ability>179</ability> <!-- Gather Ammo for Sling -->
            <ability>325</ability> <!-- Look for Materials -->
            <ability>326</ability> <!-- Look for Edibles -->
            <ability>332</ability> <!-- Gather Branches -->
            <ability>334</ability> <!-- Search for Wild Plants -->
        </allowed>
        <restricted>
            <ability>8</ability>   <!-- Pour on the Ground -->
            <ability>97</ability>  <!-- Drop Object -->
            <ability>220</ability>  <!-- Release (horse) -->
            <ability>222</ability>  <!-- Leave Horse -->
            <ability>223</ability>  <!-- Hide (horse) -->
            <ability>224</ability>  <!-- Get On (horse) -->
            <ability>226</ability>  <!-- Get Off (horse) -->
            <ability>357</ability>  <!-- Drop Object (red) -->
            <ability>368</ability>  <!-- Refresh Horse -->
        </restricted>
    </land>
    <land>
        <name>NativeCamp07</name>
        <allowed>
            <ability>6</ability>   <!-- Gather a Flint Stone -->
            <ability>21</ability>  <!-- Gather a Branch -->
            <ability>45</ability>  <!-- Gather Plant Fiber -->
            <ability>50</ability>  <!-- Gather Mushrooms -->
            <ability>51</ability>  <!-- Gather Berries -->
            <ability>52</ability>  <!-- Special Gather Herbs -->
            <ability>68</ability>  <!-- Gather Wild Plants -->
            <ability>89</ability>  <!-- Fish -->
            <ability>90</ability>  <!-- Skin -->
            <ability>98</ability>  <!-- Gather Apples -->
            <ability>108</ability> <!-- Look in Inventory -->
            <ability>109</ability> <!-- Get Water -->
            <ability>110</ability> <!-- Drop from Inventory -->
            <ability>179</ability> <!-- Gather Ammo for Sling -->
            <ability>325</ability> <!-- Look for Materials -->
            <ability>326</ability> <!-- Look for Edibles -->
            <ability>332</ability> <!-- Gather Branches -->
            <ability>334</ability> <!-- Search for Wild Plants -->
        </allowed>
        <restricted>
            <ability>8</ability>   <!-- Pour on the Ground -->
            <ability>97</ability>  <!-- Drop Object -->
            <ability>220</ability>  <!-- Release (horse) -->
            <ability>222</ability>  <!-- Leave Horse -->
            <ability>223</ability>  <!-- Hide (horse) -->
            <ability>224</ability>  <!-- Get On (horse) -->
            <ability>226</ability>  <!-- Get Off (horse) -->
            <ability>357</ability>  <!-- Drop Object (red) -->
            <ability>368</ability>  <!-- Refresh Horse -->
        </restricted>
    </land>
    <land>
        <name>NativeCamp08</name>
        <allowed>
            <ability>6</ability>   <!-- Gather a Flint Stone -->
            <ability>21</ability>  <!-- Gather a Branch -->
            <ability>45</ability>  <!-- Gather Plant Fiber -->
            <ability>50</ability>  <!-- Gather Mushrooms -->
            <ability>51</ability>  <!-- Gather Berries -->
            <ability>52</ability>  <!-- Special Gather Herbs -->
            <ability>68</ability>  <!-- Gather Wild Plants -->
            <ability>89</ability>  <!-- Fish -->
            <ability>90</ability>  <!-- Skin -->
            <ability>98</ability>  <!-- Gather Apples -->
            <ability>108</ability> <!-- Look in Inventory -->
            <ability>109</ability> <!-- Get Water -->
            <ability>110</ability> <!-- Drop from Inventory -->
            <ability>179</ability> <!-- Gather Ammo for Sling -->
            <ability>325</ability> <!-- Look for Materials -->
            <ability>326</ability> <!-- Look for Edibles -->
            <ability>332</ability> <!-- Gather Branches -->
            <ability>334</ability> <!-- Search for Wild Plants -->
        </allowed>
        <restricted>
            <ability>8</ability>   <!-- Pour on the Ground -->
            <ability>97</ability>  <!-- Drop Object -->
            <ability>220</ability>  <!-- Release (horse) -->
            <ability>222</ability>  <!-- Leave Horse -->
            <ability>223</ability>  <!-- Hide (horse) -->
            <ability>224</ability>  <!-- Get On (horse) -->
            <ability>226</ability>  <!-- Get Off (horse) -->
            <ability>357</ability>  <!-- Drop Object (red) -->
            <ability>368</ability>  <!-- Refresh Horse -->
        </restricted>
    </land>
    <land>
        <name>NativeCamp09</name>
        <allowed>
            <ability>6</ability>   <!-- Gather a Flint Stone -->
            <ability>21</ability>  <!-- Gather a Branch -->
            <ability>45</ability>  <!-- Gather Plant Fiber -->
            <ability>50</ability>  <!-- Gather Mushrooms -->
            <ability>51</ability>  <!-- Gather Berries -->
            <ability>52</ability>  <!-- Special Gather Herbs -->
            <ability>68</ability>  <!-- Gather Wild Plants -->
            <ability>89</ability>  <!-- Fish -->
            <ability>90</ability>  <!-- Skin -->
            <ability>98</ability>  <!-- Gather Apples -->
            <ability>108</ability> <!-- Look in Inventory -->
            <ability>109</ability> <!-- Get Water -->
            <ability>110</ability> <!-- Drop from Inventory -->
            <ability>179</ability> <!-- Gather Ammo for Sling -->
            <ability>325</ability> <!-- Look for Materials -->
            <ability>326</ability> <!-- Look for Edibles -->
            <ability>332</ability> <!-- Gather Branches -->
            <ability>334</ability> <!-- Search for Wild Plants -->
        </allowed>
        <restricted>
            <ability>8</ability>   <!-- Pour on the Ground -->
            <ability>97</ability>  <!-- Drop Object -->
            <ability>220</ability>  <!-- Release (horse) -->
            <ability>222</ability>  <!-- Leave Horse -->
            <ability>223</ability>  <!-- Hide (horse) -->
            <ability>224</ability>  <!-- Get On (horse) -->
            <ability>226</ability>  <!-- Get Off (horse) -->
            <ability>357</ability>  <!-- Drop Object (red) -->
            <ability>368</ability>  <!-- Refresh Horse -->
        </restricted>
    </land>
    <land>
        <name>NativeCamp10</name>
        <allowed>
            <ability>6</ability>   <!-- Gather a Flint Stone -->
            <ability>21</ability>  <!-- Gather a Branch -->
            <ability>45</ability>  <!-- Gather Plant Fiber -->
            <ability>50</ability>  <!-- Gather Mushrooms -->
            <ability>51</ability>  <!-- Gather Berries -->
            <ability>52</ability>  <!-- Special Gather Herbs -->
            <ability>68</ability>  <!-- Gather Wild Plants -->
            <ability>89</ability>  <!-- Fish -->
            <ability>90</ability>  <!-- Skin -->
            <ability>98</ability>  <!-- Gather Apples -->
            <ability>108</ability> <!-- Look in Inventory -->
            <ability>109</ability> <!-- Get Water -->
            <ability>110</ability> <!-- Drop from Inventory -->
            <ability>179</ability> <!-- Gather Ammo for Sling -->
            <ability>325</ability> <!-- Look for Materials -->
            <ability>326</ability> <!-- Look for Edibles -->
            <ability>332</ability> <!-- Gather Branches -->
            <ability>334</ability> <!-- Search for Wild Plants -->
        </allowed>
        <restricted>
            <ability>8</ability>   <!-- Pour on the Ground -->
            <ability>97</ability>  <!-- Drop Object -->
            <ability>220</ability>  <!-- Release (horse) -->
            <ability>222</ability>  <!-- Leave Horse -->
            <ability>223</ability>  <!-- Hide (horse) -->
            <ability>224</ability>  <!-- Get On (horse) -->
            <ability>226</ability>  <!-- Get Off (horse) -->
            <ability>357</ability>  <!-- Drop Object (red) -->
            <ability>368</ability>  <!-- Refresh Horse -->
        </restricted>
    </land>
    <land>
        <name>NativeCamp11</name>
        <allowed>
            <ability>6</ability>   <!-- Gather a Flint Stone -->
            <ability>21</ability>  <!-- Gather a Branch -->
            <ability>45</ability>  <!-- Gather Plant Fiber -->
            <ability>50</ability>  <!-- Gather Mushrooms -->
            <ability>51</ability>  <!-- Gather Berries -->
            <ability>52</ability>  <!-- Special Gather Herbs -->
            <ability>68</ability>  <!-- Gather Wild Plants -->
            <ability>89</ability>  <!-- Fish -->
            <ability>90</ability>  <!-- Skin -->
            <ability>98</ability>  <!-- Gather Apples -->
            <ability>108</ability> <!-- Look in Inventory -->
            <ability>109</ability> <!-- Get Water -->
            <ability>110</ability> <!-- Drop from Inventory -->
            <ability>179</ability> <!-- Gather Ammo for Sling -->
            <ability>325</ability> <!-- Look for Materials -->
            <ability>326</ability> <!-- Look for Edibles -->
            <ability>332</ability> <!-- Gather Branches -->
            <ability>334</ability> <!-- Search for Wild Plants -->
        </allowed>
        <restricted>
            <ability>8</ability>   <!-- Pour on the Ground -->
            <ability>97</ability>  <!-- Drop Object -->
            <ability>220</ability>  <!-- Release (horse) -->
            <ability>222</ability>  <!-- Leave Horse -->
            <ability>223</ability>  <!-- Hide (horse) -->
            <ability>224</ability>  <!-- Get On (horse) -->
            <ability>226</ability>  <!-- Get Off (horse) -->
            <ability>357</ability>  <!-- Drop Object (red) -->
            <ability>368</ability>  <!-- Refresh Horse -->
        </restricted>
    </land>
    <land>
        <name>NativeCamp12</name>
        <allowed>
            <ability>6</ability>   <!-- Gather a Flint Stone -->
            <ability>21</ability>  <!-- Gather a Branch -->
            <ability>45</ability>  <!-- Gather Plant Fiber -->
            <ability>50</ability>  <!-- Gather Mushrooms -->
            <ability>51</ability>  <!-- Gather Berries -->
            <ability>52</ability>  <!-- Special Gather Herbs -->
            <ability>68</ability>  <!-- Gather Wild Plants -->
            <ability>89</ability>  <!-- Fish -->
            <ability>90</ability>  <!-- Skin -->
            <ability>98</ability>  <!-- Gather Apples -->
            <ability>108</ability> <!-- Look in Inventory -->
            <ability>109</ability> <!-- Get Water -->
            <ability>110</ability> <!-- Drop from Inventory -->
            <ability>179</ability> <!-- Gather Ammo for Sling -->
            <ability>325</ability> <!-- Look for Materials -->
            <ability>326</ability> <!-- Look for Edibles -->
            <ability>332</ability> <!-- Gather Branches -->
            <ability>334</ability> <!-- Search for Wild Plants -->
        </allowed>
        <restricted>
            <ability>8</ability>   <!-- Pour on the Ground -->
            <ability>97</ability>  <!-- Drop Object -->
            <ability>220</ability>  <!-- Release (horse) -->
            <ability>222</ability>  <!-- Leave Horse -->
            <ability>223</ability>  <!-- Hide (horse) -->
            <ability>224</ability>  <!-- Get On (horse) -->
            <ability>226</ability>  <!-- Get Off (horse) -->
            <ability>357</ability>  <!-- Drop Object (red) -->
            <ability>368</ability>  <!-- Refresh Horse -->
        </restricted>
    </land>
    <land>
        <name>NativeCamp13</name>
        <allowed>
            <ability>6</ability>   <!-- Gather a Flint Stone -->
            <ability>21</ability>  <!-- Gather a Branch -->
            <ability>45</ability>  <!-- Gather Plant Fiber -->
            <ability>50</ability>  <!-- Gather Mushrooms -->
            <ability>51</ability>  <!-- Gather Berries -->
            <ability>52</ability>  <!-- Special Gather Herbs -->
            <ability>68</ability>  <!-- Gather Wild Plants -->
            <ability>89</ability>  <!-- Fish -->
            <ability>90</ability>  <!-- Skin -->
            <ability>98</ability>  <!-- Gather Apples -->
            <ability>108</ability> <!-- Look in Inventory -->
            <ability>109</ability> <!-- Get Water -->
            <ability>110</ability> <!-- Drop from Inventory -->
            <ability>179</ability> <!-- Gather Ammo for Sling -->
            <ability>325</ability> <!-- Look for Materials -->
            <ability>326</ability> <!-- Look for Edibles -->
            <ability>332</ability> <!-- Gather Branches -->
            <ability>334</ability> <!-- Search for Wild Plants -->
        </allowed>
        <restricted>
            <ability>8</ability>   <!-- Pour on the Ground -->
            <ability>97</ability>  <!-- Drop Object -->
            <ability>220</ability>  <!-- Release (horse) -->
            <ability>222</ability>  <!-- Leave Horse -->
            <ability>223</ability>  <!-- Hide (horse) -->
            <ability>224</ability>  <!-- Get On (horse) -->
            <ability>226</ability>  <!-- Get Off (horse) -->
            <ability>357</ability>  <!-- Drop Object (red) -->
            <ability>368</ability>  <!-- Refresh Horse -->
        </restricted>
    </land>
    <land>
        <name>NativeCamp14</name>
        <allowed>
            <ability>6</ability>   <!-- Gather a Flint Stone -->
            <ability>21</ability>  <!-- Gather a Branch -->
            <ability>45</ability>  <!-- Gather Plant Fiber -->
            <ability>50</ability>  <!-- Gather Mushrooms -->
            <ability>51</ability>  <!-- Gather Berries -->
            <ability>52</ability>  <!-- Special Gather Herbs -->
            <ability>68</ability>  <!-- Gather Wild Plants -->
            <ability>89</ability>  <!-- Fish -->
            <ability>90</ability>  <!-- Skin -->
            <ability>98</ability>  <!-- Gather Apples -->
            <ability>108</ability> <!-- Look in Inventory -->
            <ability>109</ability> <!-- Get Water -->
            <ability>110</ability> <!-- Drop from Inventory -->
            <ability>179</ability> <!-- Gather Ammo for Sling -->
            <ability>325</ability> <!-- Look for Materials -->
            <ability>326</ability> <!-- Look for Edibles -->
            <ability>332</ability> <!-- Gather Branches -->
            <ability>334</ability> <!-- Search for Wild Plants -->
        </allowed>
        <restricted>
            <ability>8</ability>   <!-- Pour on the Ground -->
            <ability>97</ability>  <!-- Drop Object -->
            <ability>220</ability>  <!-- Release (horse) -->
            <ability>222</ability>  <!-- Leave Horse -->
            <ability>223</ability>  <!-- Hide (horse) -->
            <ability>224</ability>  <!-- Get On (horse) -->
            <ability>226</ability>  <!-- Get Off (horse) -->
            <ability>357</ability>  <!-- Drop Object (red) -->
            <ability>368</ability>  <!-- Refresh Horse -->
        </restricted>
    </land>
    <land>
        <name>NativeCamp15</name>
        <allowed>
            <ability>6</ability>   <!-- Gather a Flint Stone -->
            <ability>21</ability>  <!-- Gather a Branch -->
            <ability>45</ability>  <!-- Gather Plant Fiber -->
            <ability>50</ability>  <!-- Gather Mushrooms -->
            <ability>51</ability>  <!-- Gather Berries -->
            <ability>52</ability>  <!-- Special Gather Herbs -->
            <ability>68</ability>  <!-- Gather Wild Plants -->
            <ability>89</ability>  <!-- Fish -->
            <ability>90</ability>  <!-- Skin -->
            <ability>98</ability>  <!-- Gather Apples -->
            <ability>108</ability> <!-- Look in Inventory -->
            <ability>109</ability> <!-- Get Water -->
            <ability>110</ability> <!-- Drop from Inventory -->
            <ability>179</ability> <!-- Gather Ammo for Sling -->
            <ability>325</ability> <!-- Look for Materials -->
            <ability>326</ability> <!-- Look for Edibles -->
            <ability>332</ability> <!-- Gather Branches -->
            <ability>334</ability> <!-- Search for Wild Plants -->
        </allowed>
        <restricted>
            <ability>8</ability>   <!-- Pour on the Ground -->
            <ability>97</ability>  <!-- Drop Object -->
            <ability>220</ability>  <!-- Release (horse) -->
            <ability>222</ability>  <!-- Leave Horse -->
            <ability>223</ability>  <!-- Hide (horse) -->
            <ability>224</ability>  <!-- Get On (horse) -->
            <ability>226</ability>  <!-- Get Off (horse) -->
            <ability>357</ability>  <!-- Drop Object (red) -->
            <ability>368</ability>  <!-- Refresh Horse -->
        </restricted>
    </land>
    <land>
        <name>NativeCamp16</name>
        <allowed>
            <ability>6</ability>   <!-- Gather a Flint Stone -->
            <ability>21</ability>  <!-- Gather a Branch -->
            <ability>45</ability>  <!-- Gather Plant Fiber -->
            <ability>50</ability>  <!-- Gather Mushrooms -->
            <ability>51</ability>  <!-- Gather Berries -->
            <ability>52</ability>  <!-- Special Gather Herbs -->
            <ability>68</ability>  <!-- Gather Wild Plants -->
            <ability>89</ability>  <!-- Fish -->
            <ability>90</ability>  <!-- Skin -->
            <ability>98</ability>  <!-- Gather Apples -->
            <ability>108</ability> <!-- Look in Inventory -->
            <ability>109</ability> <!-- Get Water -->
            <ability>110</ability> <!-- Drop from Inventory -->
            <ability>179</ability> <!-- Gather Ammo for Sling -->
            <ability>325</ability> <!-- Look for Materials -->
            <ability>326</ability> <!-- Look for Edibles -->
            <ability>332</ability> <!-- Gather Branches -->
            <ability>334</ability> <!-- Search for Wild Plants -->
        </allowed>
        <restricted>
            <ability>8</ability>   <!-- Pour on the Ground -->
            <ability>97</ability>  <!-- Drop Object -->
            <ability>220</ability>  <!-- Release (horse) -->
            <ability>222</ability>  <!-- Leave Horse -->
            <ability>223</ability>  <!-- Hide (horse) -->
            <ability>224</ability>  <!-- Get On (horse) -->
            <ability>226</ability>  <!-- Get Off (horse) -->
            <ability>357</ability>  <!-- Drop Object (red) -->
            <ability>368</ability>  <!-- Refresh Horse -->
        </restricted>
    </land>
    <land>
        <name>NativeCamp17</name>
        <allowed>
            <ability>6</ability>   <!-- Gather a Flint Stone -->
            <ability>21</ability>  <!-- Gather a Branch -->
            <ability>45</ability>  <!-- Gather Plant Fiber -->
            <ability>50</ability>  <!-- Gather Mushrooms -->
            <ability>51</ability>  <!-- Gather Berries -->
            <ability>52</ability>  <!-- Special Gather Herbs -->
            <ability>68</ability>  <!-- Gather Wild Plants -->
            <ability>89</ability>  <!-- Fish -->
            <ability>90</ability>  <!-- Skin -->
            <ability>98</ability>  <!-- Gather Apples -->
            <ability>108</ability> <!-- Look in Inventory -->
            <ability>109</ability> <!-- Get Water -->
            <ability>110</ability> <!-- Drop from Inventory -->
            <ability>179</ability> <!-- Gather Ammo for Sling -->
            <ability>325</ability> <!-- Look for Materials -->
            <ability>326</ability> <!-- Look for Edibles -->
            <ability>332</ability> <!-- Gather Branches -->
            <ability>334</ability> <!-- Search for Wild Plants -->
        </allowed>
        <restricted>
            <ability>8</ability>   <!-- Pour on the Ground -->
            <ability>97</ability>  <!-- Drop Object -->
            <ability>220</ability>  <!-- Release (horse) -->
            <ability>222</ability>  <!-- Leave Horse -->
            <ability>223</ability>  <!-- Hide (horse) -->
            <ability>224</ability>  <!-- Get On (horse) -->
            <ability>226</ability>  <!-- Get Off (horse) -->
            <ability>357</ability>  <!-- Drop Object (red) -->
            <ability>368</ability>  <!-- Refresh Horse -->
        </restricted>
    </land>
    <land>
        <name>NativeCamp18</name>
        <allowed>
            <ability>6</ability>   <!-- Gather a Flint Stone -->
            <ability>21</ability>  <!-- Gather a Branch -->
            <ability>45</ability>  <!-- Gather Plant Fiber -->
            <ability>50</ability>  <!-- Gather Mushrooms -->
            <ability>51</ability>  <!-- Gather Berries -->
            <ability>52</ability>  <!-- Special Gather Herbs -->
            <ability>68</ability>  <!-- Gather Wild Plants -->
            <ability>89</ability>  <!-- Fish -->
            <ability>90</ability>  <!-- Skin -->
            <ability>98</ability>  <!-- Gather Apples -->
            <ability>108</ability> <!-- Look in Inventory -->
            <ability>109</ability> <!-- Get Water -->
            <ability>110</ability> <!-- Drop from Inventory -->
            <ability>179</ability> <!-- Gather Ammo for Sling -->
            <ability>325</ability> <!-- Look for Materials -->
            <ability>326</ability> <!-- Look for Edibles -->
            <ability>332</ability> <!-- Gather Branches -->
            <ability>334</ability> <!-- Search for Wild Plants -->
        </allowed>
        <restricted>
            <ability>8</ability>   <!-- Pour on the Ground -->
            <ability>97</ability>  <!-- Drop Object -->
            <ability>220</ability>  <!-- Release (horse) -->
            <ability>222</ability>  <!-- Leave Horse -->
            <ability>223</ability>  <!-- Hide (horse) -->
            <ability>224</ability>  <!-- Get On (horse) -->
            <ability>226</ability>  <!-- Get Off (horse) -->
            <ability>357</ability>  <!-- Drop Object (red) -->
            <ability>368</ability>  <!-- Refresh Horse -->
        </restricted>
    </land>
</lands>
