<?xml version="1.0" encoding="utf-8" ?>
<calendar>
<day id="0">
<breed>pig</breed>
<harvest>chicken sheep</harvest>
</day>
<day id="1">
<breed>rabbit pig cow</breed>
<harvest>chicken sheep</harvest>
</day>
<day id="2">
<breed>rabbit pig cow</breed>
<harvest>chicken sheep</harvest>
</day>
<day id="3">
<breed>pig cow</breed>
<harvest>sheep</harvest>
</day>
<day id="4">
<breed>pig cow</breed>
<harvest>sheep</harvest>
</day>
<day id="5">
<breed>chicken pig cow</breed>
<harvest>sheep</harvest>
</day>
<day id="6">
<breed>chicken pig cow</breed>
<harvest>sheep</harvest>
</day>
<day id="7">
<breed>rabbit sheep cow</breed>
<harvest>chicken</harvest>
</day>
<day id="8">
<breed>rabbit sheep</breed>
<harvest>chicken</harvest>
</day>
<day id="9">
<breed>sheep</breed>
<harvest>chicken</harvest>
</day>
<day id="10">
<breed>sheep</breed>
<harvest>cow</harvest>
</day>
<day id="11">
<breed>chicken sheep</breed>
<harvest>cow</harvest>
</day>
<day id="12">
<breed>chicken sheep</breed>
<harvest>cow</harvest>
</day>
<day id="13">
<breed>sheep</breed>
<harvest>chicken cow</harvest>
</day>
<day id="14">
<breed>rabbit horse</breed>
<harvest>chicken cow</harvest>
</day>
<day id="15">
<breed>rabbit horse</breed>
<harvest>chicken cow</harvest>
</day>
<day id="16">
<breed>horse</breed>
<harvest>cow</harvest>
</day>
<day id="17">
<breed>horse</breed>
<harvest>cow</harvest>
</day>
<day id="18">
<breed>chicken horse</breed>
<harvest>cow</harvest>
</day>
<day id="19">
<breed>chicken horse</breed>
<harvest>cow</harvest>
</day>
<day id="20">
<breed>rabbit horse</breed>
<harvest>chicken cow</harvest>
</day>
<day id="21">
<breed>rabbit</breed>
<harvest>chicken sheep cow</harvest>
</day>
<day id="22">
<breed></breed>
<harvest>chicken sheep cow</harvest>
</day>
<day id="23">
<breed></breed>
<harvest>sheep cow</harvest>
</day>
<day id="24">
<breed>chicken</breed>
<harvest>sheep cow</harvest>
</day>
<day id="25">
<breed>chicken</breed>
<harvest>sheep cow</harvest>
</day>
<day id="26">
<breed>pig</breed>
<harvest>chicken sheep</harvest>
</day>
<day id="27">
<breed>rabbit pig cow</breed>
<harvest>chicken sheep</harvest>
</day>
<day id="28">
<breed>rabbit pig cow</breed>
<harvest>chicken sheep</harvest>
</day>
<day id="29">
<breed>pig cow</breed>
<harvest>sheep</harvest>
</day>
<day id="30">
<breed>pig cow</breed>
<harvest>sheep</harvest>
</day>
<day id="31">
<breed>chicken pig cow</breed>
<harvest>sheep</harvest>
</day>
<day id="32">
<breed>chicken pig cow</breed>
<harvest>sheep</harvest>
</day>
<day id="33">
<breed>rabbit sheep cow</breed>
<harvest>chicken</harvest>
</day>
<day id="34">
<breed>rabbit sheep</breed>
<harvest>chicken</harvest>
</day>
<day id="35">
<breed>sheep</breed>
<harvest>chicken</harvest>
</day>
<day id="36">
<breed>sheep</breed>
<harvest>cow</harvest>
</day>
<day id="37">
<breed>chicken sheep</breed>
<harvest>cow</harvest>
</day>
<day id="38">
<breed>chicken sheep</breed>
<harvest>cow</harvest>
</day>
<day id="39">
<breed>sheep</breed>
<harvest>chicken cow</harvest>
</day>
<day id="40">
<breed>rabbit horse</breed>
<harvest>chicken cow</harvest>
</day>
<day id="41">
<breed>rabbit horse</breed>
<harvest>chicken cow</harvest>
</day>
<day id="42">
<breed>horse</breed>
<harvest>cow</harvest>
</day>
<day id="43">
<breed>horse</breed>
<harvest>cow</harvest>
</day>
<day id="44">
<breed>chicken horse</breed>
<harvest>cow</harvest>
</day>
<day id="45">
<breed>chicken horse</breed>
<harvest>cow</harvest>
</day>
<day id="46">
<breed>rabbit horse</breed>
<harvest>chicken cow</harvest>
</day>
<day id="47">
<breed>rabbit</breed>
<harvest>chicken sheep cow</harvest>
</day>
<day id="48">
<breed></breed>
<harvest>chicken sheep cow</harvest>
</day>
<day id="49">
<breed></breed>
<harvest>sheep cow</harvest>
</day>
<day id="50">
<breed>chicken</breed>
<harvest>sheep cow</harvest>
</day>
<day id="51">
<breed>chicken</breed>
<harvest>sheep cow</harvest>
</day>
<day id="52">
<breed>pig</breed>
<harvest>chicken sheep</harvest>
</day>
<day id="53">
<breed>rabbit pig cow</breed>
<harvest>chicken sheep</harvest>
</day>
<day id="54">
<breed>rabbit pig cow</breed>
<harvest>chicken sheep</harvest>
</day>
<day id="55">
<breed>pig cow</breed>
<harvest>sheep</harvest>
</day>
<day id="56">
<breed>pig cow</breed>
<harvest>sheep</harvest>
</day>
<day id="57">
<breed>chicken pig cow</breed>
<harvest>sheep</harvest>
</day>
<day id="58">
<breed>chicken pig cow</breed>
<harvest>sheep</harvest>
</day>
<day id="59">
<breed>rabbit sheep cow</breed>
<harvest>chicken</harvest>
</day>
<day id="60">
<breed>rabbit sheep</breed>
<harvest>chicken</harvest>
</day>
<day id="61">
<breed>sheep</breed>
<harvest>chicken</harvest>
</day>
<day id="62">
<breed>sheep</breed>
<harvest>cow</harvest>
</day>
<day id="63">
<breed>chicken sheep</breed>
<harvest>cow</harvest>
</day>
<day id="64">
<breed>chicken sheep</breed>
<harvest>cow</harvest>
</day>
<day id="65">
<breed>sheep</breed>
<harvest>chicken cow</harvest>
</day>
<day id="66">
<breed>rabbit horse</breed>
<harvest>chicken cow</harvest>
</day>
<day id="67">
<breed>rabbit horse</breed>
<harvest>chicken cow</harvest>
</day>
<day id="68">
<breed>horse</breed>
<harvest>cow</harvest>
</day>
<day id="69">
<breed>horse</breed>
<harvest>cow</harvest>
</day>
<day id="70">
<breed>chicken horse</breed>
<harvest>cow</harvest>
</day>
<day id="71">
<breed>chicken horse</breed>
<harvest>cow</harvest>
</day>
<day id="72">
<breed>rabbit horse</breed>
<harvest>chicken cow</harvest>
</day>
<day id="73">
<breed>rabbit</breed>
<harvest>chicken sheep cow</harvest>
</day>
<day id="74">
<breed></breed>
<harvest>chicken sheep cow</harvest>
</day>
<day id="75">
<breed></breed>
<harvest>sheep cow</harvest>
</day>
<day id="76">
<breed>chicken</breed>
<harvest>sheep cow</harvest>
</day>
<day id="77">
<breed>chicken</breed>
<harvest>sheep cow</harvest>
</day>
<day id="78">
<breed>pig</breed>
<harvest>chicken sheep</harvest>
</day>
<day id="79">
<breed>rabbit pig cow</breed>
<harvest>chicken sheep</harvest>
</day>
<day id="80">
<breed>rabbit pig cow</breed>
<harvest>chicken sheep</harvest>
</day>
<day id="81">
<breed>pig cow</breed>
<harvest>sheep</harvest>
</day>
<day id="82">
<breed>pig cow</breed>
<harvest>sheep</harvest>
</day>
<day id="83">
<breed>chicken pig cow</breed>
<harvest>sheep</harvest>
</day>
<day id="84">
<breed>chicken pig cow</breed>
<harvest>sheep</harvest>
</day>
<day id="85">
<breed>rabbit sheep cow</breed>
<harvest>chicken</harvest>
</day>
<day id="86">
<breed>rabbit sheep</breed>
<harvest>chicken</harvest>
</day>
<day id="87">
<breed>sheep</breed>
<harvest>chicken</harvest>
</day>
<day id="88">
<breed>sheep</breed>
<harvest>cow</harvest>
</day>
<day id="89">
<breed>chicken sheep</breed>
<harvest>cow</harvest>
</day>
<day id="90">
<breed>chicken sheep</breed>
<harvest>cow</harvest>
</day>
<day id="91">
<breed>sheep</breed>
<harvest>chicken cow</harvest>
</day>
<day id="92">
<breed>rabbit horse</breed>
<harvest>chicken cow</harvest>
</day>
<day id="93">
<breed>rabbit horse</breed>
<harvest>chicken cow</harvest>
</day>
<day id="94">
<breed>horse</breed>
<harvest>cow</harvest>
</day>
<day id="95">
<breed>horse</breed>
<harvest>cow</harvest>
</day>
<day id="96">
<breed>chicken horse</breed>
<harvest>cow</harvest>
</day>
<day id="97">
<breed>chicken horse</breed>
<harvest>cow</harvest>
</day>
<day id="98">
<breed>rabbit horse</breed>
<harvest>chicken cow</harvest>
</day>
<day id="99">
<breed>rabbit</breed>
<harvest>chicken sheep cow</harvest>
</day>
<day id="100">
<breed></breed>
<harvest>chicken sheep cow</harvest>
</day>
<day id="101">
<breed></breed>
<harvest>sheep cow</harvest>
</day>
<day id="102">
<breed>chicken</breed>
<harvest>sheep cow</harvest>
</day>
<day id="103">
<breed>chicken</breed>
<harvest>sheep cow</harvest>
</day>
<day id="104">
<breed>pig</breed>
<harvest>chicken sheep</harvest>
</day>
<day id="105">
<breed>rabbit pig cow</breed>
<harvest>chicken sheep</harvest>
</day>
<day id="106">
<breed>rabbit pig cow</breed>
<harvest>chicken sheep</harvest>
</day>
<day id="107">
<breed>pig cow</breed>
<harvest>sheep</harvest>
</day>
<day id="108">
<breed>pig cow</breed>
<harvest>sheep</harvest>
</day>
<day id="109">
<breed>chicken pig cow</breed>
<harvest>sheep</harvest>
</day>
<day id="110">
<breed>chicken pig cow</breed>
<harvest>sheep</harvest>
</day>
<day id="111">
<breed>rabbit sheep cow</breed>
<harvest>chicken</harvest>
</day>
<day id="112">
<breed>rabbit sheep</breed>
<harvest>chicken</harvest>
</day>
<day id="113">
<breed>sheep</breed>
<harvest>chicken</harvest>
</day>
<day id="114">
<breed>sheep</breed>
<harvest>cow</harvest>
</day>
<day id="115">
<breed>chicken sheep</breed>
<harvest>cow</harvest>
</day>
<day id="116">
<breed>chicken sheep</breed>
<harvest>cow</harvest>
</day>
<day id="117">
<breed>sheep</breed>
<harvest>chicken cow</harvest>
</day>
<day id="118">
<breed>rabbit horse</breed>
<harvest>chicken cow</harvest>
</day>
<day id="119">
<breed>rabbit horse</breed>
<harvest>chicken cow</harvest>
</day>
<day id="120">
<breed>horse</breed>
<harvest>cow</harvest>
</day>
<day id="121">
<breed>horse</breed>
<harvest>cow</harvest>
</day>
<day id="122">
<breed>chicken horse</breed>
<harvest>cow</harvest>
</day>
<day id="123">
<breed>chicken horse</breed>
<harvest>cow</harvest>
</day>
<day id="124">
<breed>rabbit horse</breed>
<harvest>chicken cow</harvest>
</day>
<day id="125">
<breed>rabbit</breed>
<harvest>chicken sheep cow</harvest>
</day>
<day id="126">
<breed></breed>
<harvest>chicken sheep cow</harvest>
</day>
<day id="127">
<breed></breed>
<harvest>sheep cow</harvest>
</day>
<day id="128">
<breed>chicken</breed>
<harvest>sheep cow</harvest>
</day>
<day id="129">
<breed>chicken</breed>
<harvest>sheep cow</harvest>
</day>
<day id="130">
<breed>pig</breed>
<harvest>chicken sheep</harvest>
</day>
<day id="131">
<breed>rabbit pig cow</breed>
<harvest>chicken sheep</harvest>
</day>
<day id="132">
<breed>rabbit pig cow</breed>
<harvest>chicken sheep</harvest>
</day>
<day id="133">
<breed>pig cow</breed>
<harvest>sheep</harvest>
</day>
<day id="134">
<breed>pig cow</breed>
<harvest>sheep</harvest>
</day>
<day id="135">
<breed>chicken pig cow</breed>
<harvest>sheep</harvest>
</day>
<day id="136">
<breed>chicken pig cow</breed>
<harvest>sheep</harvest>
</day>
<day id="137">
<breed>rabbit sheep cow</breed>
<harvest>chicken</harvest>
</day>
<day id="138">
<breed>rabbit sheep</breed>
<harvest>chicken</harvest>
</day>
<day id="139">
<breed>sheep</breed>
<harvest>chicken</harvest>
</day>
<day id="140">
<breed>sheep</breed>
<harvest>cow</harvest>
</day>
<day id="141">
<breed>chicken sheep</breed>
<harvest>cow</harvest>
</day>
<day id="142">
<breed>chicken sheep</breed>
<harvest>cow</harvest>
</day>
<day id="143">
<breed>sheep</breed>
<harvest>chicken cow</harvest>
</day>
<day id="144">
<breed>rabbit horse</breed>
<harvest>chicken cow</harvest>
</day>
<day id="145">
<breed>rabbit horse</breed>
<harvest>chicken cow</harvest>
</day>
<day id="146">
<breed>horse</breed>
<harvest>cow</harvest>
</day>
<day id="147">
<breed>horse</breed>
<harvest>cow</harvest>
</day>
<day id="148">
<breed>chicken horse</breed>
<harvest>cow</harvest>
</day>
<day id="149">
<breed>chicken horse</breed>
<harvest>cow</harvest>
</day>
<day id="150">
<breed>rabbit horse</breed>
<harvest>chicken cow</harvest>
</day>
<day id="151">
<breed>rabbit</breed>
<harvest>chicken sheep cow</harvest>
</day>
<day id="152">
<breed></breed>
<harvest>chicken sheep cow</harvest>
</day>
<day id="153">
<breed></breed>
<harvest>sheep cow</harvest>
</day>
<day id="154">
<breed>chicken</breed>
<harvest>sheep cow</harvest>
</day>
<day id="155">
<breed>chicken</breed>
<harvest>sheep cow</harvest>
</day>
<day id="156">
<breed>pig</breed>
<harvest>chicken sheep</harvest>
</day>
<day id="157">
<breed>rabbit pig cow</breed>
<harvest>chicken sheep</harvest>
</day>
<day id="158">
<breed>rabbit pig cow</breed>
<harvest>chicken sheep</harvest>
</day>
<day id="159">
<breed>pig cow</breed>
<harvest>sheep</harvest>
</day>
<day id="160">
<breed>pig cow</breed>
<harvest>sheep</harvest>
</day>
<day id="161">
<breed>chicken pig cow</breed>
<harvest>sheep</harvest>
</day>
<day id="162">
<breed>chicken pig cow</breed>
<harvest>sheep</harvest>
</day>
<day id="163">
<breed>rabbit sheep cow</breed>
<harvest>chicken</harvest>
</day>
<day id="164">
<breed>rabbit sheep</breed>
<harvest>chicken</harvest>
</day>
<day id="165">
<breed>sheep</breed>
<harvest>chicken</harvest>
</day>
<day id="166">
<breed>sheep</breed>
<harvest>cow</harvest>
</day>
<day id="167">
<breed>chicken sheep</breed>
<harvest>cow</harvest>
</day>
<day id="168">
<breed>chicken sheep</breed>
<harvest>cow</harvest>
</day>
<day id="169">
<breed>sheep</breed>
<harvest>chicken cow</harvest>
</day>
<day id="170">
<breed>rabbit horse</breed>
<harvest>chicken cow</harvest>
</day>
<day id="171">
<breed>rabbit horse</breed>
<harvest>chicken cow</harvest>
</day>
<day id="172">
<breed>horse</breed>
<harvest>cow</harvest>
</day>
<day id="173">
<breed>horse</breed>
<harvest>cow</harvest>
</day>
<day id="174">
<breed>chicken horse</breed>
<harvest>cow</harvest>
</day>
<day id="175">
<breed>chicken horse</breed>
<harvest>cow</harvest>
</day>
<day id="176">
<breed>rabbit horse</breed>
<harvest>chicken cow</harvest>
</day>
<day id="177">
<breed>rabbit</breed>
<harvest>chicken sheep cow</harvest>
</day>
<day id="178">
<breed></breed>
<harvest>chicken sheep cow</harvest>
</day>
<day id="179">
<breed></breed>
<harvest>sheep cow</harvest>
</day>
<day id="180">
<breed>chicken</breed>
<harvest>sheep cow</harvest>
</day>
<day id="181">
<breed>chicken</breed>
<harvest>sheep cow</harvest>
</day>
<day id="182">
<breed>pig</breed>
<harvest>chicken sheep</harvest>
</day>
<day id="183">
<breed>rabbit pig cow</breed>
<harvest>chicken sheep</harvest>
</day>
<day id="184">
<breed>rabbit pig cow</breed>
<harvest>chicken sheep</harvest>
</day>
<day id="185">
<breed>pig cow</breed>
<harvest>sheep</harvest>
</day>
<day id="186">
<breed>pig cow</breed>
<harvest>sheep</harvest>
</day>
<day id="187">
<breed>chicken pig cow</breed>
<harvest>sheep</harvest>
</day>
<day id="188">
<breed>chicken pig cow</breed>
<harvest>sheep</harvest>
</day>
<day id="189">
<breed>rabbit sheep cow</breed>
<harvest>chicken</harvest>
</day>
<day id="190">
<breed>rabbit sheep</breed>
<harvest>chicken</harvest>
</day>
<day id="191">
<breed>sheep</breed>
<harvest>chicken</harvest>
</day>
<day id="192">
<breed>sheep</breed>
<harvest>cow</harvest>
</day>
<day id="193">
<breed>chicken sheep</breed>
<harvest>cow</harvest>
</day>
<day id="194">
<breed>chicken sheep</breed>
<harvest>cow</harvest>
</day>
<day id="195">
<breed>sheep</breed>
<harvest>chicken cow</harvest>
</day>
<day id="196">
<breed>rabbit horse</breed>
<harvest>chicken cow</harvest>
</day>
<day id="197">
<breed>rabbit horse</breed>
<harvest>chicken cow</harvest>
</day>
<day id="198">
<breed>horse</breed>
<harvest>cow</harvest>
</day>
<day id="199">
<breed>horse</breed>
<harvest>cow</harvest>
</day>
<day id="200">
<breed>chicken horse</breed>
<harvest>cow</harvest>
</day>
<day id="201">
<breed>chicken horse</breed>
<harvest>cow</harvest>
</day>
<day id="202">
<breed>rabbit horse</breed>
<harvest>chicken cow</harvest>
</day>
<day id="203">
<breed>rabbit</breed>
<harvest>chicken sheep cow</harvest>
</day>
<day id="204">
<breed></breed>
<harvest>chicken sheep cow</harvest>
</day>
<day id="205">
<breed></breed>
<harvest>sheep cow</harvest>
</day>
<day id="206">
<breed>chicken</breed>
<harvest>sheep cow</harvest>
</day>
<day id="207">
<breed>chicken</breed>
<harvest>sheep cow</harvest>
</day>
<day id="208">
<breed>pig</breed>
<harvest>chicken sheep</harvest>
</day>
<day id="209">
<breed>rabbit pig cow</breed>
<harvest>chicken sheep</harvest>
</day>
<day id="210">
<breed>rabbit pig cow</breed>
<harvest>chicken sheep</harvest>
</day>
<day id="211">
<breed>pig cow</breed>
<harvest>sheep</harvest>
</day>
<day id="212">
<breed>pig cow</breed>
<harvest>sheep</harvest>
</day>
<day id="213">
<breed>chicken pig cow</breed>
<harvest>sheep</harvest>
</day>
<day id="214">
<breed>chicken pig cow</breed>
<harvest>sheep</harvest>
</day>
<day id="215">
<breed>rabbit sheep cow</breed>
<harvest>chicken</harvest>
</day>
<day id="216">
<breed>rabbit sheep</breed>
<harvest>chicken</harvest>
</day>
<day id="217">
<breed>sheep</breed>
<harvest>chicken</harvest>
</day>
<day id="218">
<breed>sheep</breed>
<harvest>cow</harvest>
</day>
<day id="219">
<breed>chicken sheep</breed>
<harvest>cow</harvest>
</day>
<day id="220">
<breed>chicken sheep</breed>
<harvest>cow</harvest>
</day>
<day id="221">
<breed>sheep</breed>
<harvest>chicken cow</harvest>
</day>
<day id="222">
<breed>rabbit horse</breed>
<harvest>chicken cow</harvest>
</day>
<day id="223">
<breed>rabbit horse</breed>
<harvest>chicken cow</harvest>
</day>
<day id="224">
<breed>horse</breed>
<harvest>cow</harvest>
</day>
<day id="225">
<breed>horse</breed>
<harvest>cow</harvest>
</day>
<day id="226">
<breed>chicken horse</breed>
<harvest>cow</harvest>
</day>
<day id="227">
<breed>chicken horse</breed>
<harvest>cow</harvest>
</day>
<day id="228">
<breed>rabbit horse</breed>
<harvest>chicken cow</harvest>
</day>
<day id="229">
<breed>rabbit</breed>
<harvest>chicken sheep cow</harvest>
</day>
<day id="230">
<breed></breed>
<harvest>chicken sheep cow</harvest>
</day>
<day id="231">
<breed></breed>
<harvest>sheep cow</harvest>
</day>
<day id="232">
<breed>chicken</breed>
<harvest>sheep cow</harvest>
</day>
<day id="233">
<breed>chicken</breed>
<harvest>sheep cow</harvest>
</day>
<day id="234">
<breed>pig</breed>
<harvest>chicken sheep</harvest>
</day>
<day id="235">
<breed>rabbit pig cow</breed>
<harvest>chicken sheep</harvest>
</day>
<day id="236">
<breed>rabbit pig cow</breed>
<harvest>chicken sheep</harvest>
</day>
<day id="237">
<breed>pig cow</breed>
<harvest>sheep</harvest>
</day>
<day id="238">
<breed>pig cow</breed>
<harvest>sheep</harvest>
</day>
<day id="239">
<breed>chicken pig cow</breed>
<harvest>sheep</harvest>
</day>
<day id="240">
<breed>chicken pig cow</breed>
<harvest>sheep</harvest>
</day>
<day id="241">
<breed>rabbit sheep cow</breed>
<harvest>chicken</harvest>
</day>
<day id="242">
<breed>rabbit sheep</breed>
<harvest>chicken</harvest>
</day>
<day id="243">
<breed>sheep</breed>
<harvest>chicken</harvest>
</day>
<day id="244">
<breed>sheep</breed>
<harvest>cow</harvest>
</day>
<day id="245">
<breed>chicken sheep</breed>
<harvest>cow</harvest>
</day>
<day id="246">
<breed>chicken sheep</breed>
<harvest>cow</harvest>
</day>
<day id="247">
<breed>sheep</breed>
<harvest>chicken cow</harvest>
</day>
<day id="248">
<breed>rabbit horse</breed>
<harvest>chicken cow</harvest>
</day>
<day id="249">
<breed>rabbit horse</breed>
<harvest>chicken cow</harvest>
</day>
<day id="250">
<breed>horse</breed>
<harvest>cow</harvest>
</day>
<day id="251">
<breed>horse</breed>
<harvest>cow</harvest>
</day>
<day id="252">
<breed>chicken horse</breed>
<harvest>cow</harvest>
</day>
<day id="253">
<breed>chicken horse</breed>
<harvest>cow</harvest>
</day>
<day id="254">
<breed>rabbit horse</breed>
<harvest>chicken cow</harvest>
</day>
<day id="255">
<breed>rabbit</breed>
<harvest>chicken sheep cow</harvest>
</day>
<day id="256">
<breed></breed>
<harvest>chicken sheep cow</harvest>
</day>
<day id="257">
<breed></breed>
<harvest>sheep cow</harvest>
</day>
<day id="258">
<breed>chicken</breed>
<harvest>sheep cow</harvest>
</day>
<day id="259">
<breed>chicken</breed>
<harvest>sheep cow</harvest>
</day>
<day id="260">
<breed>pig</breed>
<harvest>chicken sheep</harvest>
</day>
<day id="261">
<breed>rabbit pig cow</breed>
<harvest>chicken sheep</harvest>
</day>
<day id="262">
<breed>rabbit pig cow</breed>
<harvest>chicken sheep</harvest>
</day>
<day id="263">
<breed>pig cow</breed>
<harvest>sheep</harvest>
</day>
<day id="264">
<breed>pig cow</breed>
<harvest>sheep</harvest>
</day>
<day id="265">
<breed>chicken pig cow</breed>
<harvest>sheep</harvest>
</day>
<day id="266">
<breed>chicken pig cow</breed>
<harvest>sheep</harvest>
</day>
<day id="267">
<breed>rabbit sheep cow</breed>
<harvest>chicken</harvest>
</day>
<day id="268">
<breed>rabbit sheep</breed>
<harvest>chicken</harvest>
</day>
<day id="269">
<breed>sheep</breed>
<harvest>chicken</harvest>
</day>
<day id="270">
<breed>sheep</breed>
<harvest>cow</harvest>
</day>
<day id="271">
<breed>chicken sheep</breed>
<harvest>cow</harvest>
</day>
<day id="272">
<breed>chicken sheep</breed>
<harvest>cow</harvest>
</day>
<day id="273">
<breed>sheep</breed>
<harvest>chicken cow</harvest>
</day>
<day id="274">
<breed>rabbit horse</breed>
<harvest>chicken cow</harvest>
</day>
<day id="275">
<breed>rabbit horse</breed>
<harvest>chicken cow</harvest>
</day>
<day id="276">
<breed>horse</breed>
<harvest>cow</harvest>
</day>
<day id="277">
<breed>horse</breed>
<harvest>cow</harvest>
</day>
<day id="278">
<breed>chicken horse</breed>
<harvest>cow</harvest>
</day>
<day id="279">
<breed>chicken horse</breed>
<harvest>cow</harvest>
</day>
<day id="280">
<breed>rabbit horse</breed>
<harvest>chicken cow</harvest>
</day>
<day id="281">
<breed>rabbit</breed>
<harvest>chicken sheep cow</harvest>
</day>
<day id="282">
<breed></breed>
<harvest>chicken sheep cow</harvest>
</day>
<day id="283">
<breed></breed>
<harvest>sheep cow</harvest>
</day>
<day id="284">
<breed>chicken</breed>
<harvest>sheep cow</harvest>
</day>
<day id="285">
<breed>chicken</breed>
<harvest>sheep cow</harvest>
</day>
<day id="286">
<breed>pig</breed>
<harvest>chicken sheep</harvest>
</day>
<day id="287">
<breed>rabbit pig cow</breed>
<harvest>chicken sheep</harvest>
</day>
<day id="288">
<breed>rabbit pig cow</breed>
<harvest>chicken sheep</harvest>
</day>
<day id="289">
<breed>pig cow</breed>
<harvest>sheep</harvest>
</day>
<day id="290">
<breed>pig cow</breed>
<harvest>sheep</harvest>
</day>
<day id="291">
<breed>chicken pig cow</breed>
<harvest>sheep</harvest>
</day>
<day id="292">
<breed>chicken pig cow</breed>
<harvest>sheep</harvest>
</day>
<day id="293">
<breed>rabbit sheep cow</breed>
<harvest>chicken</harvest>
</day>
<day id="294">
<breed>rabbit sheep</breed>
<harvest>chicken</harvest>
</day>
<day id="295">
<breed>sheep</breed>
<harvest>chicken</harvest>
</day>
<day id="296">
<breed>sheep</breed>
<harvest>cow</harvest>
</day>
<day id="297">
<breed>chicken sheep</breed>
<harvest>cow</harvest>
</day>
<day id="298">
<breed>chicken sheep</breed>
<harvest>cow</harvest>
</day>
<day id="299">
<breed>sheep</breed>
<harvest>chicken cow</harvest>
</day>
<day id="300">
<breed>rabbit horse</breed>
<harvest>chicken cow</harvest>
</day>
<day id="301">
<breed>rabbit horse</breed>
<harvest>chicken cow</harvest>
</day>
<day id="302">
<breed>horse</breed>
<harvest>cow</harvest>
</day>
<day id="303">
<breed>horse</breed>
<harvest>cow</harvest>
</day>
<day id="304">
<breed>chicken horse</breed>
<harvest>cow</harvest>
</day>
<day id="305">
<breed>chicken horse</breed>
<harvest>cow</harvest>
</day>
<day id="306">
<breed>rabbit horse</breed>
<harvest>chicken cow</harvest>
</day>
<day id="307">
<breed>rabbit</breed>
<harvest>chicken sheep cow</harvest>
</day>
<day id="308">
<breed></breed>
<harvest>chicken sheep cow</harvest>
</day>
<day id="309">
<breed></breed>
<harvest>sheep cow</harvest>
</day>
<day id="310">
<breed>chicken</breed>
<harvest>sheep cow</harvest>
</day>
<day id="311">
<breed>chicken</breed>
<harvest>sheep cow</harvest>
</day>
<day id="312">
<breed>pig</breed>
<harvest>chicken sheep</harvest>
</day>
<day id="313">
<breed>rabbit pig cow</breed>
<harvest>chicken sheep</harvest>
</day>
<day id="314">
<breed>rabbit pig cow</breed>
<harvest>chicken sheep</harvest>
</day>
<day id="315">
<breed>pig cow</breed>
<harvest>sheep</harvest>
</day>
<day id="316">
<breed>pig cow</breed>
<harvest>sheep</harvest>
</day>
<day id="317">
<breed>chicken pig cow</breed>
<harvest>sheep</harvest>
</day>
<day id="318">
<breed>chicken pig cow</breed>
<harvest>sheep</harvest>
</day>
<day id="319">
<breed>rabbit sheep cow</breed>
<harvest>chicken</harvest>
</day>
<day id="320">
<breed>rabbit sheep</breed>
<harvest>chicken</harvest>
</day>
<day id="321">
<breed>sheep</breed>
<harvest>chicken</harvest>
</day>
<day id="322">
<breed>sheep</breed>
<harvest>cow</harvest>
</day>
<day id="323">
<breed>chicken sheep</breed>
<harvest>cow</harvest>
</day>
<day id="324">
<breed>chicken sheep</breed>
<harvest>cow</harvest>
</day>
<day id="325">
<breed>sheep</breed>
<harvest>chicken cow</harvest>
</day>
<day id="326">
<breed>rabbit horse</breed>
<harvest>chicken cow</harvest>
</day>
<day id="327">
<breed>rabbit horse</breed>
<harvest>chicken cow</harvest>
</day>
<day id="328">
<breed>horse</breed>
<harvest>cow</harvest>
</day>
<day id="329">
<breed>horse</breed>
<harvest>cow</harvest>
</day>
<day id="330">
<breed>chicken horse</breed>
<harvest>cow</harvest>
</day>
<day id="331">
<breed>chicken horse</breed>
<harvest>cow</harvest>
</day>
<day id="332">
<breed>rabbit horse</breed>
<harvest>chicken cow</harvest>
</day>
<day id="333">
<breed>rabbit</breed>
<harvest>chicken sheep cow</harvest>
</day>
<day id="334">
<breed></breed>
<harvest>chicken sheep cow</harvest>
</day>
<day id="335">
<breed></breed>
<harvest>sheep cow</harvest>
</day>
<day id="336">
<breed>chicken</breed>
<harvest>sheep cow</harvest>
</day>
<day id="337">
<breed>chicken</breed>
<harvest>sheep cow</harvest>
</day>
<day id="338">
<breed>pig</breed>
<harvest>chicken sheep</harvest>
</day>
<day id="339">
<breed>rabbit pig cow</breed>
<harvest>chicken sheep</harvest>
</day>
<day id="340">
<breed>rabbit pig cow</breed>
<harvest>chicken sheep</harvest>
</day>
<day id="341">
<breed>pig cow</breed>
<harvest>sheep</harvest>
</day>
<day id="342">
<breed>pig cow</breed>
<harvest>sheep</harvest>
</day>
<day id="343">
<breed>chicken pig cow</breed>
<harvest>sheep</harvest>
</day>
<day id="344">
<breed>chicken pig cow</breed>
<harvest>sheep</harvest>
</day>
<day id="345">
<breed>rabbit sheep cow</breed>
<harvest>chicken</harvest>
</day>
<day id="346">
<breed>rabbit sheep</breed>
<harvest>chicken</harvest>
</day>
<day id="347">
<breed>sheep</breed>
<harvest>chicken</harvest>
</day>
<day id="348">
<breed>sheep</breed>
<harvest>cow</harvest>
</day>
<day id="349">
<breed>chicken sheep</breed>
<harvest>cow</harvest>
</day>
<day id="350">
<breed>chicken sheep</breed>
<harvest>cow</harvest>
</day>
<day id="351">
<breed>sheep</breed>
<harvest>chicken cow</harvest>
</day>
<day id="352">
<breed>rabbit horse</breed>
<harvest>chicken cow</harvest>
</day>
<day id="353">
<breed>rabbit horse</breed>
<harvest>chicken cow</harvest>
</day>
<day id="354">
<breed>horse</breed>
<harvest>cow</harvest>
</day>
<day id="355">
<breed>horse</breed>
<harvest>cow</harvest>
</day>
<day id="356">
<breed>chicken horse</breed>
<harvest>cow</harvest>
</day>
<day id="357">
<breed>chicken horse</breed>
<harvest>cow</harvest>
</day>
<day id="358">
<breed>rabbit horse</breed>
<harvest>chicken cow</harvest>
</day>
<day id="359">
<breed>rabbit</breed>
<harvest>chicken sheep cow</harvest>
</day>
<day id="360">
<breed></breed>
<harvest>chicken sheep cow</harvest>
</day>
<day id="361">
<breed></breed>
<harvest>sheep cow</harvest>
</day>
<day id="362">
<breed>chicken</breed>
<harvest>sheep cow</harvest>
</day>
<day id="363">
<breed>chicken</breed>
<harvest>sheep cow</harvest>
</day>
<day id="364">
<breed></breed>
<harvest></harvest>
</day>
</calendar>
