<?xml version="1.0" encoding="utf-8" ?>
<symbolRegistry>
    <event name="AMBIENT_3D_FOREST" value="2982732941" />
    <event name="AMBIENT_3D_ROCK" value="3543410717" />
    <event name="AMBIENT_3D_SAND" value="721807360" />
    <event name="AMBIENT_3D_SNOW" value="1276013419" />
    <event name="AMBIENT_3D_SOIL" value="638316767" />
    <event name="AMBIENT_3D_STEPPE" value="69347057" />
    <event name="AMBIENT_3D_SWAMP" value="2348889034" />
    <event name="AMBIENT_START" value="1892414574" />
    <event name="AMBIENT_STOP" value="2687221070" />
    <event name="AMBIENT_WATER" value="1782786287" />
    <event name="ANIMAL_HIT" value="1140423739" />
    <event name="AUROCHSBULL_ATTACKFAST" value="27219470" />
    <event name="AUROCHSBULL_ATTACKPOWER" value="1517454935" />
    <event name="AUROCHSBULL_DEATH" value="4255594918" />
    <event name="AUROCHSBULL_EAT" value="3798183390" />
    <event name="AUROCHSBULL_FOOTSTEP_RUN_L" value="1904740405" />
    <event name="AUROCHSBULL_FOOTSTEP_RUN_R" value="1904740395" />
    <event name="AUROCHSBULL_FOOTSTEP_WALK_L" value="3638449463" />
    <event name="AUROCHSBULL_FOOTSTEP_WALK_R" value="3638449449" />
    <event name="AUROCHSBULL_IDLE" value="3646193334" />
    <event name="AUROCHSBULL_ROAR" value="406178508" />
    <event name="AUROCHSBULL_SLEEP" value="3089155153" />
    <event name="AUROCHSBULL_SLEEPDOWN" value="4091673285" />
    <event name="AUROCHSBULL_SLEEPUP" value="614585394" />
    <event name="AUROCHSBULL_STAGGER" value="1320287685" />
    <event name="AUROCHSBULL_THREATENED" value="246506470" />
    <event name="AUROCHSCOW_ATTACKFAST" value="1394147324" />
    <event name="AUROCHSCOW_ATTACKPOWER" value="2111232917" />
    <event name="AUROCHSCOW_DEATH" value="2987323520" />
    <event name="AUROCHSCOW_EAT" value="3961764968" />
    <event name="AUROCHSCOW_FOOTSTEP_RUN_L" value="2444203627" />
    <event name="AUROCHSCOW_FOOTSTEP_RUN_R" value="2444203637" />
    <event name="AUROCHSCOW_FOOTSTEP_WALK_L" value="1715740057" />
    <event name="AUROCHSCOW_FOOTSTEP_WALK_R" value="1715740039" />
    <event name="AUROCHSCOW_IDLE" value="3826007340" />
    <event name="AUROCHSCOW_ROAR" value="1859350982" />
    <event name="AUROCHSCOW_SLEEP" value="3389814359" />
    <event name="AUROCHSCOW_SLEEPDOWN" value="4119863591" />
    <event name="AUROCHSCOW_SLEEPUP" value="825182192" />
    <event name="AUROCHSCOW_STAGGER" value="640702679" />
    <event name="AUROCHSCOW_THREATENED" value="3565731908" />
    <event name="BEAR_ATTACKFAST" value="879659904" />
    <event name="BEAR_ATTACKPOWER" value="3863474921" />
    <event name="BEAR_DEATH" value="3134581732" />
    <event name="BEAR_EAT" value="1227055796" />
    <event name="BEAR_FOOTSTEP_RUN_L" value="1731276263" />
    <event name="BEAR_FOOTSTEP_RUN_R" value="1731276281" />
    <event name="BEAR_FOOTSTEP_WALK_L" value="992579165" />
    <event name="BEAR_FOOTSTEP_WALK_R" value="992579139" />
    <event name="BEAR_IDLE" value="544465592" />
    <event name="BEAR_ROAR" value="2195834818" />
    <event name="BEAR_SLEEP" value="1127034811" />
    <event name="BEAR_SLEEPDOWN" value="4203139403" />
    <event name="BEAR_SLEEPUP" value="3938269196" />
    <event name="BEAR_STAGGER" value="309663811" />
    <event name="BEAR_THREATENED" value="3460356464" />
    <event name="BOAR_ATTACKFAST" value="180553858" />
    <event name="BOAR_ATTACKPOWER" value="3284119147" />
    <event name="BOAR_DEATH" value="1077574762" />
    <event name="BOAR_EAT" value="19542010" />
    <event name="BOAR_FOOTSTEP_RUN_L" value="2181600961" />
    <event name="BOAR_FOOTSTEP_RUN_R" value="2181600991" />
    <event name="BOAR_FOOTSTEP_WALK_L" value="741858475" />
    <event name="BOAR_FOOTSTEP_WALK_R" value="741858485" />
    <event name="BOAR_IDLE" value="545894530" />
    <event name="BOAR_ROAR" value="892877448" />
    <event name="BOAR_SLEEP" value="376197893" />
    <event name="BOAR_SLEEPDOWN" value="1111329961" />
    <event name="BOAR_SLEEPUP" value="17308654" />
    <event name="BOAR_STAGGER" value="14959569" />
    <event name="BOAR_THREATENED" value="3656178482" />
    <event name="BUILDINGDESTRUCTION" value="1197896379" />
    <event name="CART_START" value="2214017886" />
    <event name="CART_STOP" value="1476396030" />
    <event name="CARTHORSE_CRASH" value="1182307358" />
    <event name="CARTHORSE_CREAKSTART" value="765562013" />
    <event name="CARTHORSE_CREAKSTOP" value="2671389599" />
    <event name="CARTHORSE_ENTER" value="813575457" />
    <event name="CARTHORSE_HARNESS" value="3260403747" />
    <event name="CARTHORSE_INVENTORYPUT" value="631772926" />
    <event name="CARTHORSE_START" value="2521830783" />
    <event name="CARTHORSE_STOP" value="1606919877" />
    <event name="CARTHORSE_UNHARNESS" value="3374054780" />
    <event name="DEER_ATTACKFAST" value="3620274130" />
    <event name="DEER_ATTACKPOWER" value="2369980731" />
    <event name="DEER_DEATH" value="4260159546" />
    <event name="DEER_EAT" value="1895167498" />
    <event name="DEER_IDLE" value="250719506" />
    <event name="DEER_ROAR" value="3239419800" />
    <event name="DEER_SLEEP" value="4188458037" />
    <event name="DEER_SLEEPDOWN" value="941883001" />
    <event name="DEER_SLEEPUP" value="69500318" />
    <event name="DEER_STAGGER" value="997910369" />
    <event name="DEER_THREATENED" value="2275863138" />
    <event name="DEERMALE_FOOTSTEP_RUN_L" value="3826502360" />
    <event name="DEERMALE_FOOTSTEP_RUN_R" value="3826502342" />
    <event name="DEERMALE_FOOTSTEP_WALK_L" value="1137918752" />
    <event name="DEERMALE_FOOTSTEP_WALK_R" value="1137918782" />
    <event name="FRACTUREHIT" value="732721438" />
    <event name="GROUSE_DEATH" value="2814433993" />
    <event name="GROUSE_EAT" value="4138186897" />
    <event name="GROUSE_FOOTSTEP_RUN_L" value="3229531372" />
    <event name="GROUSE_FOOTSTEP_RUN_R" value="3229531378" />
    <event name="GROUSE_FOOTSTEP_WALK_L" value="3610008124" />
    <event name="GROUSE_FOOTSTEP_WALK_R" value="3610008098" />
    <event name="GROUSE_IDLE" value="4034807991" />
    <event name="GROUSE_RUN" value="316097344" />
    <event name="HARE_DEATH" value="535916828" />
    <event name="HARE_EAT" value="1673389308" />
    <event name="HARE_FOOTSTEP_RUN_L" value="4187856191" />
    <event name="HARE_FOOTSTEP_RUN_R" value="4187856161" />
    <event name="HARE_FOOTSTEP_WALK_L" value="580234997" />
    <event name="HARE_FOOTSTEP_WALK_R" value="580234987" />
    <event name="HARE_IDLE" value="693483344" />
    <event name="HIND_FOOTSTEP_RUN_L" value="4237358328" />
    <event name="HIND_FOOTSTEP_RUN_R" value="4237358310" />
    <event name="HIND_FOOTSTEP_WALK_L" value="3999886400" />
    <event name="HIND_FOOTSTEP_WALK_R" value="3999886430" />
    <event name="HORSE_DAMAGE" value="3474016264" />
    <event name="HORSE_DEATH" value="1668786807" />
    <event name="HORSE_FOOTSTEP_RUN_L" value="4030984286" />
    <event name="HORSE_FOOTSTEP_RUN_R" value="4030984256" />
    <event name="HORSE_FOOTSTEP_WALK_L" value="1930379994" />
    <event name="HORSE_FOOTSTEP_WALK_R" value="1930379972" />
    <event name="HORSE_HIT" value="3345834614" />
    <event name="HORSE_IDLE" value="240540697" />
    <event name="HORSE_JUMP" value="1466783479" />
    <event name="HORSE_PANT" value="3011823520" />
    <event name="MOOSE_ATTACKFAST" value="1751396205" />
    <event name="MOOSE_ATTACKPOWER" value="383830778" />
    <event name="MOOSE_DEATH" value="3001119279" />
    <event name="MOOSE_EAT" value="664358583" />
    <event name="MOOSE_FOOTSTEP_RUN_L" value="1038495094" />
    <event name="MOOSE_FOOTSTEP_RUN_R" value="1038495080" />
    <event name="MOOSE_FOOTSTEP_WALK_L" value="4146275634" />
    <event name="MOOSE_FOOTSTEP_WALK_R" value="4146275628" />
    <event name="MOOSE_IDLE" value="985285841" />
    <event name="MOOSE_ROAR" value="1558432671" />
    <event name="MOOSE_SLEEP" value="982999304" />
    <event name="MOOSE_SLEEPDOWN" value="2748123116" />
    <event name="MOOSE_SLEEPUP" value="1936007783" />
    <event name="MOOSE_STAGGER" value="2963388356" />
    <event name="MOOSE_THREATENED" value="3180274029" />
    <event name="MUSIC_MENU_START" value="2688689701" />
    <event name="MUSIC_MENU_STOP" value="3264661319" />
    <event name="MUSIC_SYSTEM_START" value="3261871971" />
    <event name="MUSIC_SYSTEM_STOP" value="3509289057" />
    <event name="MUTTON_ATTACKFAST" value="1102860257" />
    <event name="MUTTON_ATTACKPOWER" value="4179361150" />
    <event name="MUTTON_DEATH" value="603707779" />
    <event name="MUTTON_EAT" value="3408344803" />
    <event name="MUTTON_FOOTSTEP_RUN_L" value="2401297778" />
    <event name="MUTTON_FOOTSTEP_RUN_R" value="2401297772" />
    <event name="MUTTON_FOOTSTEP_WALK_L" value="2991394230" />
    <event name="MUTTON_FOOTSTEP_WALK_R" value="2991394216" />
    <event name="MUTTON_IDLE" value="1981769389" />
    <event name="MUTTON_ROAR" value="496443739" />
    <event name="MUTTON_SLEEP" value="1800195084" />
    <event name="MUTTON_SLEEPDOWN" value="3461717776" />
    <event name="MUTTON_SLEEPUP" value="2832524851" />
    <event name="MUTTON_STAGGER" value="2477275248" />
    <event name="MUTTON_THREATENED" value="363506953" />
    <event name="NPC_BLACKSMITH" value="305392423" />
    <event name="NPC_GALLOW_A" value="167003079" />
    <event name="NPC_GALLOW_B" value="167003076" />
    <event name="NPC_GALLOW_C" value="167003077" />
    <event name="NPC_OUTPOST_BODYFALLDEATH" value="2132428847" />
    <event name="NPC_OUTPOST_BODYFALLHURT" value="3160941400" />
    <event name="NPC_OUTPOST_PERFORM" value="840067111" />
    <event name="NPC_OUTPOST_UP" value="1887777975" />
    <event name="NPC_OUTPOST_VOCHURT" value="1071393751" />
    <event name="OBJECT_BARN" value="35538872" />
    <event name="OBJECT_BARNCOW" value="1772884653" />
    <event name="OBJECT_BARNSHEEP" value="119667501" />
    <event name="OBJECT_BEEHIVE" value="955820695" />
    <event name="OBJECT_BLOOMERY" value="3655617590" />
    <event name="OBJECT_CAULDRON" value="1813601693" />
    <event name="OBJECT_COOP" value="2998454276" />
    <event name="OBJECT_COOPCOCK" value="3556939396" />
    <event name="OBJECT_DRAKKARTOWER" value="1223262928" />
    <event name="OBJECT_FIRE" value="3470947935" />
    <event name="OBJECT_FIREMEDIUM" value="1156578874" />
    <event name="OBJECT_FIREOVEN" value="2212683585" />
    <event name="OBJECT_FIRESMALL" value="3493251004" />
    <event name="OBJECT_FLAG" value="3386618609" />
    <event name="OBJECT_FOUNTAIN" value="1930912467" />
    <event name="OBJECT_LAMPPOST" value="925834651" />
    <event name="OBJECT_LOOM" value="1905483248" />
    <event name="OBJECT_POTTERSWHEEL" value="972801829" />
    <event name="OBJECT_SPINNINGWHEEL" value="2337275858" />
    <event name="OBJECT_STABLE" value="3621385702" />
    <event name="OBJECT_STABLEHORSE" value="53164421" />
    <event name="OBJECT_STABLESMALL" value="3401574779" />
    <event name="OBJECT_SWAMPWATERLOOP" value="186477928" />
    <event name="OBJECT_TANNINGTUB" value="1273479623" />
    <event name="OBJECT_TOWERBELL_HIGH" value="3011652456" />
    <event name="OBJECT_TOWERBELL_MID" value="1932768306" />
    <event name="OBJECT_TOWERBELL_SMALL" value="1435691545" />
    <event name="OBJECT_WAREHOUSE" value="264655768" />
    <event name="OBJECT_WAREHOUSELARGE" value="1611681933" />
    <event name="OBJECT_WATERMILL" value="3722539650" />
    <event name="OBJECT_WEAPONHIT" value="3432234686" />
    <event name="OBJECT_WINDMILL" value="2460633027" />
    <event name="OBJECT_WINEPRESS" value="1443115005" />
    <event name="PLAY_DOOR_BRIDGEGRATE_CLOSE" value="2988604386" />
    <event name="PLAY_DOOR_BRIDGEGRATE_OPEN" value="1850640950" />
    <event name="PLAY_DOOR_IRONGRATE_CLOSE" value="1322399665" />
    <event name="PLAY_DOOR_IRONGRATE_OPEN" value="400451123" />
    <event name="PLAY_DOOR_IRONGRATELARGE_CLOSE" value="772302100" />
    <event name="PLAY_DOOR_IRONGRATELARGE_OPEN" value="2769714096" />
    <event name="PLAY_DOOR_IRONGRATELARGESHORT_CLOSE" value="588532156" />
    <event name="PLAY_DOOR_IRONGRATELARGESHORT_OPEN" value="2210645288" />
    <event name="PLAY_DOOR_IRONGRATESHORT_CLOSE" value="158082215" />
    <event name="PLAY_DOOR_IRONGRATESHORT_OPEN" value="3637880145" />
    <event name="PLAY_DOOR_WICKET_CLOSE" value="2586281057" />
    <event name="PLAY_DOOR_WICKET_OPEN" value="4157994115" />
    <event name="PLAY_DOOR_WICKETLARGE_CLOSE" value="4000293060" />
    <event name="PLAY_DOOR_WICKETLARGE_OPEN" value="2430480576" />
    <event name="PLAY_DOOR_WOODDOOR_CLOSE" value="1340520431" />
    <event name="PLAY_DOOR_WOODDOOR_OPEN" value="3957207465" />
    <event name="PLAY_DOOR_WOODGATE_CLOSE" value="2322348738" />
    <event name="PLAY_DOOR_WOODGATE_OPEN" value="288998038" />
    <event name="PLAYER_ARMORHIT" value="2658545425" />
    <event name="PLAYER_BLOCKMODEENTER" value="4073426713" />
    <event name="PLAYER_BLOCKMODEEXIT" value="3094635605" />
    <event name="PLAYER_BUILD" value="1780709731" />
    <event name="PLAYER_BUILD_ROAD" value="2319705520" />
    <event name="PLAYER_COOKING" value="2671590811" />
    <event name="PLAYER_DEATH" value="3083087645" />
    <event name="PLAYER_DIG" value="1542330067" />
    <event name="PLAYER_DRINK" value="3629466645" />
    <event name="PLAYER_EAT" value="803967661" />
    <event name="PLAYER_EQUIP" value="1909790487" />
    <event name="PLAYER_FISHING" value="1263599717" />
    <event name="PLAYER_FOOTSTEP" value="2453392179" />
    <event name="PLAYER_HONORABLEDEATH" value="4025767763" />
    <event name="PLAYER_HORSECLIMBDOWN" value="1818809083" />
    <event name="PLAYER_HORSECLIMBUP" value="1397630876" />
    <event name="PLAYER_JUMP" value="1305133589" />
    <event name="PLAYER_KNOCKOUT" value="2779262949" />
    <event name="PLAYER_LAND" value="3629196698" />
    <event name="PLAYER_MINE" value="1845135040" />
    <event name="PLAYER_MOW" value="1509907672" />
    <event name="PLAYER_NAIL" value="505594701" />
    <event name="PLAYER_PARRYHIT" value="3452538168" />
    <event name="PLAYER_PARRYMODEENTER" value="761368530" />
    <event name="PLAYER_PARRYMODEEXIT" value="552617664" />
    <event name="PLAYER_PERFORM" value="2717572268" />
    <event name="PLAYER_PLOW" value="4037841847" />
    <event name="PLAYER_POUNCE" value="1369421315" />
    <event name="PLAYER_PRAY" value="43194441" />
    <event name="PLAYER_RESTDOWN" value="513985991" />
    <event name="PLAYER_RESTUP" value="2190613904" />
    <event name="PLAYER_REVOKERITUAL" value="1432520186" />
    <event name="PLAYER_SAW" value="733208548" />
    <event name="PLAYER_SHIELDHIT" value="2111348697" />
    <event name="PLAYER_SITDOWN" value="100279855" />
    <event name="PLAYER_SKINRIP" value="3533519739" />
    <event name="PLAYER_SMELTING" value="1488209462" />
    <event name="PLAYER_SMITHING" value="2553741390" />
    <event name="PLAYER_SMOKEDOWN" value="1626695840" />
    <event name="PLAYER_SMOKEUP" value="3225713827" />
    <event name="PLAYER_SWIMACTIVE" value="2906382807" />
    <event name="PLAYER_SWIMPASSIVE" value="1631206844" />
    <event name="PLAYER_SWIMSINK" value="3346358364" />
    <event name="PLAYER_SWIMSTOPSINK" value="426644852" />
    <event name="PLAYER_TOILET" value="2566886126" />
    <event name="PLAYER_TORCHSWISH" value="554682681" />
    <event name="PLAYER_TREECUT" value="1950392343" />
    <event name="PLAYER_TRICKMOVE_1H" value="2843293187" />
    <event name="PLAYER_TRICKMOVE_1H_SHIELD" value="1887228661" />
    <event name="PLAYER_TRICKMOVE_2H" value="2860070806" />
    <event name="PLAYER_TRICKMOVE_2H_PIKE" value="3337137128" />
    <event name="PLAYER_TRICKMOVE_2H_SPEAR" value="2901126052" />
    <event name="PLAYER_TRICKMOVE_UNARMED" value="4292361086" />
    <event name="PLAYER_UNDERWATER_START" value="2423919043" />
    <event name="PLAYER_UNDERWATER_STOP" value="2602655553" />
    <event name="PLAYER_WEAPONDRAW" value="1365298699" />
    <event name="PLAYER_WEAPONFIRE" value="1595157269" />
    <event name="PLAYVIDEO" value="3134912012" />
    <event name="PLAYVOICECHAT" value="1641914933" />
    <event name="SOW_ATTACKFAST" value="1370825779" />
    <event name="SOW_ATTACKPOWER" value="3877175408" />
    <event name="SOW_DEATH" value="1977261561" />
    <event name="SOW_EAT" value="3310077057" />
    <event name="SOW_FOOTSTEP_RUN_L" value="3088939740" />
    <event name="SOW_FOOTSTEP_RUN_R" value="3088939714" />
    <event name="SOW_FOOTSTEP_WALK_L" value="3429306988" />
    <event name="SOW_FOOTSTEP_WALK_R" value="3429306994" />
    <event name="SOW_IDLE" value="1287472743" />
    <event name="SOW_ROAR" value="2590488241" />
    <event name="SOW_SLEEP" value="1953840734" />
    <event name="SOW_SLEEPDOWN" value="4272200774" />
    <event name="SOW_SLEEPUP" value="2844440685" />
    <event name="SOW_STAGGER" value="2778458310" />
    <event name="SOW_THREATENED" value="3579877699" />
    <event name="TREEFALL" value="3165238254" />
    <event name="TREEFALL_BIG" value="2689966365" />
    <event name="TREEFALL_SMALL" value="443664778" />
    <event name="TRIBE_BEAR_DESPAWN" value="1284039603" />
    <event name="TRIBE_BEAR_SPAWN" value="4177164808" />
    <event name="TRIBE_BEAR_VOICEATTACK" value="4266146331" />
    <event name="TRIBE_BEAR_VOICEBREATH" value="2328153017" />
    <event name="TRIBE_BEAR_VOICEBREATHIN" value="3628064120" />
    <event name="TRIBE_BEAR_VOICEBREATHOUT" value="3683521183" />
    <event name="TRIBE_BEAR_VOICEDEATH" value="1085786379" />
    <event name="TRIBE_BEAR_VOICEDEATHSHORT" value="2462701283" />
    <event name="TRIBE_BEAR_VOICEGET" value="216026489" />
    <event name="TRIBE_BEAR_VOICEROAR" value="3077557971" />
    <event name="TRIBE_BEAR_VOICESCREAM" value="3542448320" />
    <event name="TRIBE_CHIEF_BODYDROP" value="232302943" />
    <event name="TRIBE_CHIEF_FOOTSTEP" value="668490350" />
    <event name="TRIBE_CHIEF_RUSTLE" value="159058815" />
    <event name="TRIBE_CHIEF_SCRAPE" value="3761029644" />
    <event name="TRIBE_CHIEF_WHOOSH" value="1321417214" />
    <event name="TRIBE_CHIEF_WHOOSH_LIGHT" value="590949859" />
    <event name="TRIBE_HUNTER_BODYDROP" value="1908303156" />
    <event name="TRIBE_HUNTER_BODYDROP_KNEES" value="2427605413" />
    <event name="TRIBE_HUNTER_BOWDROP" value="1255026758" />
    <event name="TRIBE_HUNTER_BOWFIRE" value="1691575069" />
    <event name="TRIBE_HUNTER_BOWPREFIRE" value="1463786328" />
    <event name="TRIBE_HUNTER_FOOTSTEP" value="3157857969" />
    <event name="TRIBE_HUNTER_RUSTLE" value="1584058260" />
    <event name="TRIBE_HUNTER_SCRAPE" value="286064055" />
    <event name="TRIBE_HUNTER_WHOOSH" value="1914293281" />
    <event name="TRIBE_MOLE_BODYDROP" value="2113730625" />
    <event name="TRIBE_MOLE_DIG" value="4236327902" />
    <event name="TRIBE_MOLE_FOOTSTEP" value="1676692248" />
    <event name="TRIBE_MOLE_MINE" value="977551707" />
    <event name="TRIBE_MOLE_RUSTLE" value="677973625" />
    <event name="TRIBE_MOLE_WHOOSH" value="759850096" />
    <event name="TRIBE_WITCH_BODYDROP" value="4072889537" />
    <event name="TRIBE_WITCH_BOMBBURST" value="3738211252" />
    <event name="TRIBE_WITCH_FOOTSTEP" value="3635851160" />
    <event name="TRIBE_WITCH_LAND" value="3986603521" />
    <event name="TRIBE_WITCH_RUSTLE" value="4137860857" />
    <event name="TRIBE_WITCH_SWISH" value="1680471780" />
    <event name="TRIBE_WITCH_THROW" value="763525486" />
    <event name="TRIBE_WITCH_VOICEATTACK" value="1798474168" />
    <event name="TRIBE_WITCH_VOICEBREATH" value="2207418186" />
    <event name="TRIBE_WITCH_VOICEDEATH" value="2998870394" />
    <event name="TRIBE_WITCH_VOICEGET" value="408581352" />
    <event name="TRIBE_WITCH_VOICELAND" value="2604215491" />
    <event name="TRIBE_WITCH_VOICESCREAM" value="2119791407" />
    <event name="UI_ARENA_BATTLE" value="1105349800" />
    <event name="UI_ARENA_ENTER" value="2010164428" />
    <event name="UI_CLICK" value="2249769530" />
    <event name="UI_QUEST_GET" value="2858932525" />
    <event name="UI_QUEST_PREWIN" value="3087612912" />
    <event name="UI_QUEST_WIN" value="3599707747" />
    <event name="UI_REGION" value="249810222" />
    <event name="UI_WINDOW_CLOSE" value="1441785039" />
    <event name="UI_WINDOW_OPEN" value="627272713" />
    <event name="UI_WRONGACTION" value="1882779307" />
    <event name="VOICE_DEATH" value="2310946802" />
    <event name="VOICE_EMOTE_APPROVAL" value="1575090742" />
    <event name="VOICE_EMOTE_DISAPPROVAL" value="709262048" />
    <event name="VOICE_EMOTE_FRIGHT" value="1925788079" />
    <event name="VOICE_EMOTE_GOODBYE" value="1226767884" />
    <event name="VOICE_EMOTE_HONOR" value="3196197393" />
    <event name="VOICE_EMOTE_LAUGHTER" value="3521485207" />
    <event name="VOICE_EMOTE_WELCOME" value="4179977205" />
    <event name="VOICE_FORMATION_CIRCLE" value="2207556664" />
    <event name="VOICE_FORMATION_WALL" value="2787265792" />
    <event name="VOICE_FORMATION_WEDGE" value="1432230832" />
    <event name="VOICE_GROANING" value="2583757057" />
    <event name="VOICE_HEAVYBREATHING" value="3640035833" />
    <event name="VOICE_HEAVYHIT" value="3215955428" />
    <event name="VOICE_IYIELD" value="3571048348" />
    <event name="VOICE_ORDER_APPROVAL" value="2630285862" />
    <event name="VOICE_ORDER_CHARGE" value="2281911047" />
    <event name="VOICE_ORDER_HOLD" value="2524223180" />
    <event name="VOICE_ORDER_MOVE" value="3619630904" />
    <event name="VOICE_PRAYER" value="1250821893" />
    <event name="VOICE_TAUNT_ARGH" value="3559292055" />
    <event name="VOICE_TAUNT_COWARD" value="1508529391" />
    <event name="VOICE_TAUNT_MINE" value="3248536314" />
    <event name="VOICE_TAUNT_RUDE" value="4141027041" />
    <event name="VOICE_TRESSPASSERS" value="1462970286" />
    <event name="WEAPON_ARROWHIT" value="69758730" />
    <event name="WEAPON_ARROWSWISH" value="2357876679" />
    <event name="WEAPON_BOLTSWISH" value="2483457117" />
    <event name="WEAPON_BOWFAIL" value="3991318296" />
    <event name="WEAPON_BOWFIRE" value="3908710184" />
    <event name="WEAPON_BOWPREFIRE" value="1502806283" />
    <event name="WEAPON_DROPHEAVY" value="1920645224" />
    <event name="WEAPON_EXPLOSIONBIG" value="2890222773" />
    <event name="WEAPON_EXPLOSIONSMALL" value="362157410" />
    <event name="WEAPON_SLINGFIRE" value="4029980831" />
    <event name="WEAPON_SLINGPREFIRE" value="3903047978" />
    <event name="WEAPON_SLINGPREFIRE_STOP" value="340577177" />
    <event name="WEAPON_THROWINGSWISH" value="838675030" />
    <event name="WEAPON_TORCHFIRE" value="1608065306" />
    <event name="WEAPON_TREBUCHETPROJECTILESWISH" value="3310059103" />
    <event name="WEAPON_XBOWFIRE" value="3539667728" />
    <event name="WEAPON_XBOWPREFIRE" value="3722990659" />
    <event name="WILDHORSE_ATTACKFAST" value="4016274017" />
    <event name="WILDHORSE_ATTACKPOWER" value="3611550974" />
    <event name="WILDHORSE_DEATH" value="2556419331" />
    <event name="WILDHORSE_EAT" value="2909253219" />
    <event name="WILDHORSE_FOOTSTEP_RUN_L" value="2293250034" />
    <event name="WILDHORSE_FOOTSTEP_RUN_R" value="2293250028" />
    <event name="WILDHORSE_FOOTSTEP_WALK_L" value="250342710" />
    <event name="WILDHORSE_FOOTSTEP_WALK_R" value="250342696" />
    <event name="WILDHORSE_IDLE" value="563840301" />
    <event name="WILDHORSE_ROAR" value="3373481947" />
    <event name="WILDHORSE_SLEEP" value="3752906636" />
    <event name="WILDHORSE_SLEEPDOWN" value="3218496144" />
    <event name="WILDHORSE_SLEEPUP" value="377836979" />
    <event name="WILDHORSE_STAGGER" value="22587376" />
    <event name="WILDHORSE_THREATENED" value="3276920713" />
    <event name="WOLF_ATTACKFAST" value="2894872742" />
    <event name="WOLF_ATTACKPOWER" value="3630494063" />
    <event name="WOLF_DEATH" value="409434414" />
    <event name="WOLF_EAT" value="2454612406" />
    <event name="WOLF_FOOTSTEP_RUN_L" value="487069853" />
    <event name="WOLF_FOOTSTEP_RUN_R" value="487069827" />
    <event name="WOLF_FOOTSTEP_WALK_L" value="3856628959" />
    <event name="WOLF_FOOTSTEP_WALK_R" value="3856628929" />
    <event name="WOLF_IDLE" value="34426302" />
    <event name="WOLF_ROAR" value="2617903972" />
    <event name="WOLF_SLEEP" value="969739129" />
    <event name="WOLF_SLEEPDOWN" value="2196386701" />
    <event name="WOLF_SLEEPUP" value="209892218" />
    <event name="WOLF_STAGGER" value="1772878909" />
    <event name="WOLF_THREATENED" value="1340273582" />
    <stateGroup name="FIGHT" value="514064485">
        <state name="NO" value="1668749452" />
        <state name="YES" value="979470758" />
    </stateGroup>
    <stateGroup name="INDOOR" value="340398852">
        <state name="INDOOR" value="340398852" />
        <state name="OUTDOOR" value="144697359" />
        <state name="UNKNOWN" value="4191375933" />
    </stateGroup>
    <stateGroup name="JH" value="1735860039">
        <state name="NO" value="1668749452" />
        <state name="YES" value="979470758" />
    </stateGroup>
    <stateGroup name="PLACE" value="64340058">
        <state name="ALIEN" value="873374482" />
        <state name="CITY" value="3888786832" />
        <state name="COMMON" value="2395677314" />
        <state name="HOME" value="3181406844" />
        <state name="NEWBY" value="2506067326" />
    </stateGroup>
    <stateGroup name="UNDERWATER" value="2213237662">
        <state name="NO" value="1668749452" />
        <state name="YES" value="979470758" />
    </stateGroup>
    <stateGroup name="WEATHER" value="317282339">
        <state name="CLOUDY" value="3464232709" />
        <state name="FAIR" value="2596272631" />
        <state name="SHOWER" value="1653220935" />
        <state name="SNOWY" value="3252420805" />
        <state name="UNKNOWN" value="4191375933" />
    </stateGroup>
    <switchGroup name="DAMAGERWEAPONMATERIAL" value="4192422427">
        <switch name="METAL" value="2473969246" />
        <switch name="WOOD" value="2058049674" />
    </switchGroup>
    <switchGroup name="DAMAGERWEAPONTYPE" value="1757522352">
        <switch name="AMMO" value="3554434311" />
        <switch name="AXE_1H" value="2245952785" />
        <switch name="AXE_2H" value="2195620008" />
        <switch name="BOW" value="546945295" />
        <switch name="CROSSBOW" value="2523406417" />
        <switch name="LANCE" value="3413887606" />
        <switch name="MACE_1H" value="1736127269" />
        <switch name="MACE_2H" value="1685794556" />
        <switch name="MISC" value="3062523257" />
        <switch name="PIKE" value="2028414480" />
        <switch name="POLEARM" value="3270007819" />
        <switch name="SHIELD" value="1161967626" />
        <switch name="SLING" value="3787222256" />
        <switch name="SPEAR" value="573839388" />
        <switch name="SWORD_1_2H" value="798636269" />
        <switch name="SWORD_1H" value="758531488" />
        <switch name="SWORD_2H" value="808864489" />
        <switch name="THROWING" value="4234308485" />
        <switch name="UNARMED" value="1123359481" />
    </switchGroup>
    <switchGroup name="HITARMORTYPE" value="3140731685">
        <switch name="HEAVY" value="2732489590" />
        <switch name="LIGHT" value="1935470627" />
        <switch name="NAKED" value="3493061874" />
    </switchGroup>
    <switchGroup name="HITBOXTYPE" value="2155898171">
        <switch name="ARM" value="865867157" />
        <switch name="FOREARM" value="1499723711" />
        <switch name="HEAD" value="3448274439" />
        <switch name="NOHITBOX" value="2386739218" />
        <switch name="SHIELD" value="1161967626" />
        <switch name="SHIN" value="284967673" />
        <switch name="THIGH" value="1149269867" />
        <switch name="TORSO" value="1636422366" />
    </switchGroup>
    <switchGroup name="HITTYPE" value="2962397688">
        <switch name="BLUNT" value="3376675122" />
        <switch name="CHOPPING" value="3243765741" />
        <switch name="DEFAULT" value="782826392" />
        <switch name="PIERCING" value="371996976" />
        <switch name="SIEGE" value="434124326" />
        <switch name="SLASHING" value="4174083976" />
    </switchGroup>
    <switchGroup name="HORSE_ARMOR" value="2581804868">
        <switch name="ARMORED" value="3435417581" />
        <switch name="NOARMOR" value="2451043713" />
    </switchGroup>
    <switchGroup name="HORSE_PACE" value="2827269862">
        <switch name="FASTANDFURIOUS" value="3634276985" />
        <switch name="GALLOP" value="1630197660" />
        <switch name="RUN" value="712161704" />
        <switch name="WALK" value="2108779966" />
    </switchGroup>
    <switchGroup name="MUSIC_DAY" value="2814783057">
        <switch name="DAWN" value="2009803003" />
        <switch name="DAY" value="311764537" />
        <switch name="DUSK" value="2348606646" />
        <switch name="NIGHT" value="1011622525" />
    </switchGroup>
    <switchGroup name="MUSIC_YEAR" value="3932070230">
        <switch name="AUTUMN" value="4010875483" />
        <switch name="SPRING" value="1296465106" />
        <switch name="SUMMER" value="3924562482" />
        <switch name="WINTER" value="2965343494" />
    </switchGroup>
    <switchGroup name="PLAYER_ARMOR_ARMS" value="3611253204">
        <switch name="HEAVY" value="2732489590" />
        <switch name="LIGHT" value="1935470627" />
        <switch name="NOARMOR" value="2451043713" />
    </switchGroup>
    <switchGroup name="PLAYER_ARMOR_BODY" value="1102061173">
        <switch name="HEAVY" value="2732489590" />
        <switch name="LIGHT" value="1935470627" />
        <switch name="NOARMOR" value="2451043713" />
    </switchGroup>
    <switchGroup name="PLAYER_ARMOR_FOOTS" value="2872995564">
        <switch name="HEAVY" value="2732489590" />
        <switch name="LIGHT" value="1935470627" />
        <switch name="NOARMOR" value="2451043713" />
    </switchGroup>
    <switchGroup name="PLAYER_ARMOR_HANDS" value="3131365373">
        <switch name="HEAVY" value="2732489590" />
        <switch name="LIGHT" value="1935470627" />
        <switch name="NOARMOR" value="2451043713" />
    </switchGroup>
    <switchGroup name="PLAYER_ARMOR_LEGS" value="3796114338">
        <switch name="HEAVY" value="2732489590" />
        <switch name="LIGHT" value="1935470627" />
        <switch name="NOARMOR" value="2451043713" />
    </switchGroup>
    <switchGroup name="PLAYER_SEX" value="800318887">
        <switch name="FEMALE" value="2204441813" />
        <switch name="MALE" value="3111576190" />
    </switchGroup>
    <switchGroup name="PLAYER_VOICE" value="1047305421">
        <switch name="VOICE_01" value="3101519197" />
        <switch name="VOICE_02" value="3101519198" />
        <switch name="VOICE_03" value="3101519199" />
        <switch name="VOICE_04" value="3101519192" />
    </switchGroup>
    <switchGroup name="SHIELDTYPE" value="1586651082">
        <switch name="HARD" value="3599861390" />
        <switch name="SOFT" value="670602561" />
    </switchGroup>
    <switchGroup name="SUBSTANCE_FOOTSTEPS" value="4019735309">
        <switch name="BUILDING" value="3339761385" />
        <switch name="FRAGMENTS" value="814059916" />
        <switch name="ROCK" value="2144363834" />
        <switch name="SAND" value="803837735" />
        <switch name="SNOW" value="787898836" />
        <switch name="SOIL" value="687380132" />
        <switch name="WATER" value="2654748154" />
    </switchGroup>
    <switchGroup name="TARGETWEAPONMATERIAL" value="267572461">
        <switch name="METAL" value="2473969246" />
        <switch name="WOOD" value="2058049674" />
    </switchGroup>
    <switchGroup name="TARGETWEAPONTYPE" value="368828486">
        <switch name="AMMO" value="3554434311" />
        <switch name="AXE_1H" value="2245952785" />
        <switch name="AXE_2H" value="2195620008" />
        <switch name="BOW" value="546945295" />
        <switch name="CROSSBOW" value="2523406417" />
        <switch name="LANCE" value="3413887606" />
        <switch name="MACE_1H" value="1736127269" />
        <switch name="MACE_2H" value="1685794556" />
        <switch name="MISC" value="3062523257" />
        <switch name="PIKE" value="2028414480" />
        <switch name="POLEARM" value="3270007819" />
        <switch name="SHIELD" value="1161967626" />
        <switch name="SLING" value="3787222256" />
        <switch name="SPEAR" value="573839388" />
        <switch name="SWORD_1_2H" value="798636269" />
        <switch name="SWORD_1H" value="758531488" />
        <switch name="SWORD_2H" value="808864489" />
        <switch name="THROWING" value="4234308485" />
        <switch name="UNARMED" value="1123359481" />
    </switchGroup>
    <gameParameter name="AMBIENT_FOREST" value="4234424953" />
    <gameParameter name="AMBIENT_ROCK" value="1602743505" />
    <gameParameter name="AMBIENT_SAND" value="3209151724" />
    <gameParameter name="AMBIENT_SNOW" value="2690869839" />
    <gameParameter name="AMBIENT_SOIL" value="3261058635" />
    <gameParameter name="AMBIENT_STEPPE" value="883846021" />
    <gameParameter name="AMBIENT_SWAMP" value="844779742" />
    <gameParameter name="AMBIENT_WATER" value="1782786287" />
    <gameParameter name="AMBIENTSVOLUME" value="3031724832" />
    <gameParameter name="CAMERAPOSITION" value="884718081" />
    <gameParameter name="CLOSINGVELOCITY" value="572840351" />
    <gameParameter name="DAYOFTIME" value="2085235101" />
    <gameParameter name="GUIVOLUME" value="811309652" />
    <gameParameter name="HEIGHTLEVEL" value="2687487266" />
    <gameParameter name="HITSPEED" value="3488625641" />
    <gameParameter name="LINEARVELOCITY" value="1609060803" />
    <gameParameter name="MASTERVOLUME" value="2918011349" />
    <gameParameter name="MONTH" value="1044082921" />
    <gameParameter name="MUSICVOLUME" value="2346531308" />
    <gameParameter name="OBJECTSVOLUME" value="250114189" />
    <gameParameter name="RTPC_CART_SPEED" value="401338681" />
    <gameParameter name="SS_AIR_FEAR" value="1351367891" />
    <gameParameter name="SS_AIR_FREEFALL" value="3002758120" />
    <gameParameter name="SS_AIR_FURY" value="1029930033" />
    <gameParameter name="SS_AIR_MONTH" value="2648548617" />
    <gameParameter name="SS_AIR_PRESENCE" value="3847924954" />
    <gameParameter name="SS_AIR_RPM" value="822163944" />
    <gameParameter name="SS_AIR_SIZE" value="3074696722" />
    <gameParameter name="SS_AIR_STORM" value="3715662592" />
    <gameParameter name="SS_AIR_TIMEOFDAY" value="3203397129" />
    <gameParameter name="SS_AIR_TURBULENCE" value="4160247818" />
    <gameParameter name="VOICECHATVOLUME" value="4201509549" />
    <bank name="INIT" value="1355168291" />
    <bank name="ABILITIES" value="1901312945" />
    <bank name="AMBIENT" value="77978275" />
    <bank name="ANIMALS" value="949388280" />
    <bank name="MAIN" value="3161908922" />
    <bank name="MISC" value="3062523257" />
    <bank name="MUSIC" value="3991942870" />
    <bank name="OBJECTS" value="1695690031" />
    <bank name="PLAYER" value="1069431850" />
    <bank name="VOICES" value="3313685232" />
    <bank name="WEAPONS" value="1467963052" />
    <bus name="AMBIENTSVOLUME" value="3031724832" />
    <bus name="GUIVOLUME" value="811309652" />
    <bus name="MASTER_AUDIO_BUS" value="3803692087" />
    <bus name="MASTER_SECONDARY_BUS" value="805203703" />
    <bus name="MASTERVOLUME" value="2918011349" />
    <bus name="MUSICVOLUME" value="2346531308" />
    <bus name="OBJECTSVOLUME" value="250114189" />
    <bus name="VOICECHATVOLUME" value="4201509549" />
    <unknown name="NO_OUTPUT" value="2317455096" />
    <unknown name="SYSTEM" value="3859886410" />
</symbolRegistry>
